store_name,aliases,address,phone,days,open,close,notes,source_url
百福店,基隆百福店;屈臣氏百福店;百福;百福店門市;百福店,基隆市七堵區百三街83號,,每日,,,由 Watsons 官方 Open Chat 門市頁匯入；營業時間需用 Google Sheet、官方門市詳細頁或人工確認後填入。,https://www.watsons.com.tw/openchat
七堵店,基隆七堵店;屈臣氏七堵店;七堵;七堵店門市;七堵店,基隆市七堵區明德一路188號,,每日,,,由 Watsons 官方 Open Chat 門市頁匯入；營業時間需用 Google Sheet、官方門市詳細頁或人工確認後填入。,https://www.watsons.com.tw/openchat
仁三店,基隆仁三店;屈臣氏仁三店;仁三;仁三店門市;仁三店,基隆市仁愛區仁三路68號,,每日,,,由 Watsons 官方 Open Chat 門市頁匯入；營業時間需用 Google Sheet、官方門市詳細頁或人工確認後填入。,https://www.watsons.com.tw/openchat
安樂店,基隆安樂店;屈臣氏安樂店;安樂;安樂店門市;安樂店,基隆市安樂區安樂路二段159號,,每日,,,由 Watsons 官方 Open Chat 門市頁匯入；營業時間需用 Google Sheet、官方門市詳細頁或人工確認後填入。,https://www.watsons.com.tw/openchat
大武崙店,基隆大武崙店;屈臣氏大武崙店;大武崙;大武崙店門市;大武崙店,基隆市安樂區基金一路172-1號,,每日,,,由 Watsons 官方 Open Chat 門市頁匯入；營業時間需用 Google Sheet、官方門市詳細頁或人工確認後填入。,https://www.watsons.com.tw/openchat
安一店,基隆安一店;屈臣氏安一店;安一;安一店門市;安一店,基隆市安樂區安一路115號,,每日,,,由 Watsons 官方 Open Chat 門市頁匯入；營業時間需用 Google Sheet、官方門市詳細頁或人工確認後填入。,https://www.watsons.com.tw/openchat
樂利店,基隆樂利店;屈臣氏樂利店;樂利;樂利店門市;樂利店,基隆市安樂區樂利三街100號,,每日,,,由 Watsons 官方 Open Chat 門市頁匯入；營業時間需用 Google Sheet、官方門市詳細頁或人工確認後填入。,https://www.watsons.com.tw/openchat
深溪店,基隆深溪店;屈臣氏深溪店;深溪;深溪店門市;深溪店,基隆市信義區深溪路192號,,每日,,,由 Watsons 官方 Open Chat 門市頁匯入；營業時間需用 Google Sheet、官方門市詳細頁或人工確認後填入。,https://www.watsons.com.tw/openchat
暖暖店,基隆暖暖店;屈臣氏暖暖店;暖暖;暖暖店門市;暖暖店,基隆市暖暖區暖暖街181號,,每日,,,由 Watsons 官方 Open Chat 門市頁匯入；營業時間需用 Google Sheet、官方門市詳細頁或人工確認後填入。,https://www.watsons.com.tw/openchat
基隆店,基隆基隆店;屈臣氏基隆店;基隆;基隆店門市;基隆店,基隆市仁愛區忠一路8號,,每日,,,由 Watsons 官方 Open Chat 門市頁匯入；營業時間需用 Google Sheet、官方門市詳細頁或人工確認後填入。,https://www.watsons.com.tw/openchat
廟口店,基隆廟口店;屈臣氏廟口店;廟口;廟口店門市;廟口店,基隆市仁愛區愛四路76號,,每日,,,由 Watsons 官方 Open Chat 門市頁匯入；營業時間需用 Google Sheet、官方門市詳細頁或人工確認後填入。,https://www.watsons.com.tw/openchat
文林店,台北文林店;屈臣氏文林店;文林;文林店門市;文林店,台北市士林區文林路130號,,每日,,,由 Watsons 官方 Open Chat 門市頁匯入；營業時間需用 Google Sheet、官方門市詳細頁或人工確認後填入。,https://www.watsons.com.tw/openchat
天東店,台北天東店;屈臣氏天東店;天東;天東店門市;天東店,台北市士林區天母東路32號,,每日,,,由 Watsons 官方 Open Chat 門市頁匯入；營業時間需用 Google Sheet、官方門市詳細頁或人工確認後填入。,https://www.watsons.com.tw/openchat
德行店,台北德行店;屈臣氏德行店;德行;德行店門市;德行店,台北市士林區德行東路224號,,每日,,,由 Watsons 官方 Open Chat 門市頁匯入；營業時間需用 Google Sheet、官方門市詳細頁或人工確認後填入。,https://www.watsons.com.tw/openchat
士東店,台北士東店;屈臣氏士東店;士東;士東店門市;士東店,台北市士林區士東路134號,,每日,,,由 Watsons 官方 Open Chat 門市頁匯入；營業時間需用 Google Sheet、官方門市詳細頁或人工確認後填入。,https://www.watsons.com.tw/openchat
天北店,台北天北店;屈臣氏天北店;天北;天北店門市;天北店,台北市士林區天母北路6號,,每日,,,由 Watsons 官方 Open Chat 門市頁匯入；營業時間需用 Google Sheet、官方門市詳細頁或人工確認後填入。,https://www.watsons.com.tw/openchat
德行西店,台北德行西店;屈臣氏德行西店;德行西;德行西店門市;德行西店,台北市士林區德行西路78號,,每日,,,由 Watsons 官方 Open Chat 門市頁匯入；營業時間需用 Google Sheet、官方門市詳細頁或人工確認後填入。,https://www.watsons.com.tw/openchat
劍潭二店,台北劍潭二店;屈臣氏劍潭二店;劍潭二;劍潭二店門市;劍潭二店,台北市士林區劍潭路15號,,每日,,,由 Watsons 官方 Open Chat 門市頁匯入；營業時間需用 Google Sheet、官方門市詳細頁或人工確認後填入。,https://www.watsons.com.tw/openchat
德行東店,台北德行東店;屈臣氏德行東店;德行東;德行東店門市;德行東店,台北市士林區德行東路110號,,每日,,,由 Watsons 官方 Open Chat 門市頁匯入；營業時間需用 Google Sheet、官方門市詳細頁或人工確認後填入。,https://www.watsons.com.tw/openchat
延平店,台北延平店;屈臣氏延平店;延平;延平店門市;延平店,台北市士林區延平北路五段268號,,每日,,,由 Watsons 官方 Open Chat 門市頁匯入；營業時間需用 Google Sheet、官方門市詳細頁或人工確認後填入。,https://www.watsons.com.tw/openchat
延二店,台北延二店;屈臣氏延二店;延二;延二店門市;延二店,台北市士林區延平北路六段2號,,每日,,,由 Watsons 官方 Open Chat 門市頁匯入；營業時間需用 Google Sheet、官方門市詳細頁或人工確認後填入。,https://www.watsons.com.tw/openchat
酒泉店,台北酒泉店;屈臣氏酒泉店;酒泉;酒泉店門市;酒泉店,台北市大同區酒泉街70號,,每日,,,由 Watsons 官方 Open Chat 門市頁匯入；營業時間需用 Google Sheet、官方門市詳細頁或人工確認後填入。,https://www.watsons.com.tw/openchat
京站店,台北京站店;屈臣氏京站店;京站;京站店門市;京站店,台北市大同區市民大道一段209號1樓,,每日,,,由 Watsons 官方 Open Chat 門市頁匯入；營業時間需用 Google Sheet、官方門市詳細頁或人工確認後填入。,https://www.watsons.com.tw/openchat
延三店,台北延三店;屈臣氏延三店;延三;延三店門市;延三店,台北市大同區延平北路三段33號,,每日,,,由 Watsons 官方 Open Chat 門市頁匯入；營業時間需用 Google Sheet、官方門市詳細頁或人工確認後填入。,https://www.watsons.com.tw/openchat
民生西店,台北民生西店;屈臣氏民生西店;民生西;民生西店門市;民生西店,台北市大同區民生西路231號,,每日,,,由 Watsons 官方 Open Chat 門市頁匯入；營業時間需用 Google Sheet、官方門市詳細頁或人工確認後填入。,https://www.watsons.com.tw/openchat
統領店,台北統領店;屈臣氏統領店;統領;統領店門市;統領店,台北市大安區忠孝東路四段209號,,每日,,,由 Watsons 官方 Open Chat 門市頁匯入；營業時間需用 Google Sheet、官方門市詳細頁或人工確認後填入。,https://www.watsons.com.tw/openchat
安居店,台北安居店;屈臣氏安居店;安居;安居店門市;安居店,台北市大安區安居街27號,,每日,,,由 Watsons 官方 Open Chat 門市頁匯入；營業時間需用 Google Sheet、官方門市詳細頁或人工確認後填入。,https://www.watsons.com.tw/openchat
臥龍店,台北臥龍店;屈臣氏臥龍店;臥龍;臥龍店門市;臥龍店,台北市大安區和平東路二段365號,,每日,,,由 Watsons 官方 Open Chat 門市頁匯入；營業時間需用 Google Sheet、官方門市詳細頁或人工確認後填入。,https://www.watsons.com.tw/openchat
崇光店,台北崇光店;屈臣氏崇光店;崇光;崇光店門市;崇光店,台北市大安區忠孝東路四段15號,,每日,,,由 Watsons 官方 Open Chat 門市頁匯入；營業時間需用 Google Sheet、官方門市詳細頁或人工確認後填入。,https://www.watsons.com.tw/openchat
師大店,台北師大店;屈臣氏師大店;師大;師大店門市;師大店,台北市大安區師大路43號,,每日,,,由 Watsons 官方 Open Chat 門市頁匯入；營業時間需用 Google Sheet、官方門市詳細頁或人工確認後填入。,https://www.watsons.com.tw/openchat
和平店,台北和平店;屈臣氏和平店;和平;和平店門市;和平店,台北市大安區和平東路二段55號,,每日,,,由 Watsons 官方 Open Chat 門市頁匯入；營業時間需用 Google Sheet、官方門市詳細頁或人工確認後填入。,https://www.watsons.com.tw/openchat
龍泉店,台北龍泉店;屈臣氏龍泉店;龍泉;龍泉店門市;龍泉店,台北市大安區師大路125號,,每日,,,由 Watsons 官方 Open Chat 門市頁匯入；營業時間需用 Google Sheet、官方門市詳細頁或人工確認後填入。,https://www.watsons.com.tw/openchat
永信店,台北永信店;屈臣氏永信店;永信;永信店門市;永信店,台北市大安區永康街2號,,每日,,,由 Watsons 官方 Open Chat 門市頁匯入；營業時間需用 Google Sheet、官方門市詳細頁或人工確認後填入。,https://www.watsons.com.tw/openchat
大直店,台北大直店;屈臣氏大直店;大直;大直店門市;大直店,台北市中山區北安路520-4號,,每日,,,由 Watsons 官方 Open Chat 門市頁匯入；營業時間需用 Google Sheet、官方門市詳細頁或人工確認後填入。,https://www.watsons.com.tw/openchat
農安店,台北農安店;屈臣氏農安店;農安;農安店門市;農安店,台北市中山區雙城街14號,,每日,,,由 Watsons 官方 Open Chat 門市頁匯入；營業時間需用 Google Sheet、官方門市詳細頁或人工確認後填入。,https://www.watsons.com.tw/openchat
雙連店,台北雙連店;屈臣氏雙連店;雙連;雙連店門市;雙連店,台北市中山區民生西路54號,,每日,,,由 Watsons 官方 Open Chat 門市頁匯入；營業時間需用 Google Sheet、官方門市詳細頁或人工確認後填入。,https://www.watsons.com.tw/openchat
實踐店,台北實踐店;屈臣氏實踐店;實踐;實踐店門市;實踐店,台北市中山區大直街43號,,每日,,,由 Watsons 官方 Open Chat 門市頁匯入；營業時間需用 Google Sheet、官方門市詳細頁或人工確認後填入。,https://www.watsons.com.tw/openchat
松江店,台北松江店;屈臣氏松江店;松江;松江店門市;松江店,台北市中山區松江路287號,,每日,,,由 Watsons 官方 Open Chat 門市頁匯入；營業時間需用 Google Sheet、官方門市詳細頁或人工確認後填入。,https://www.watsons.com.tw/openchat
龍江店,台北龍江店;屈臣氏龍江店;龍江;龍江店門市;龍江店,台北市中山區龍江路283號,,每日,,,由 Watsons 官方 Open Chat 門市頁匯入；營業時間需用 Google Sheet、官方門市詳細頁或人工確認後填入。,https://www.watsons.com.tw/openchat
龍江二店,台北龍江二店;屈臣氏龍江二店;龍江二;龍江二店門市;龍江二店,台北市中山區龍江路356巷16號,,每日,,,由 Watsons 官方 Open Chat 門市頁匯入；營業時間需用 Google Sheet、官方門市詳細頁或人工確認後填入。,https://www.watsons.com.tw/openchat
長春店,台北長春店;屈臣氏長春店;長春;長春店門市;長春店,台北市中山區長春路184號,,每日,,,由 Watsons 官方 Open Chat 門市頁匯入；營業時間需用 Google Sheet、官方門市詳細頁或人工確認後填入。,https://www.watsons.com.tw/openchat
伊通店,台北伊通店;屈臣氏伊通店;伊通;伊通店門市;伊通店,台北市中山區南京東路二段178號,,每日,,,由 Watsons 官方 Open Chat 門市頁匯入；營業時間需用 Google Sheet、官方門市詳細頁或人工確認後填入。,https://www.watsons.com.tw/openchat
南京東店,台北南京東店;屈臣氏南京東店;南京東;南京東店門市;南京東店,台北市中山區南京東路三段125號,,每日,,,由 Watsons 官方 Open Chat 門市頁匯入；營業時間需用 Google Sheet、官方門市詳細頁或人工確認後填入。,https://www.watsons.com.tw/openchat
新生店,台北新生店;屈臣氏新生店;新生;新生店門市;新生店,台北市中正區新生南路一段104號,,每日,,,由 Watsons 官方 Open Chat 門市頁匯入；營業時間需用 Google Sheet、官方門市詳細頁或人工確認後填入。,https://www.watsons.com.tw/openchat
寧波店,台北寧波店;屈臣氏寧波店;寧波;寧波店門市;寧波店,台北市中正區寧波西街46號,,每日,,,由 Watsons 官方 Open Chat 門市頁匯入；營業時間需用 Google Sheet、官方門市詳細頁或人工確認後填入。,https://www.watsons.com.tw/openchat
新古亭店,台北新古亭店;屈臣氏新古亭店;新古亭;新古亭店門市;新古亭店,台北市中正區南昌路二段70號,,每日,,,由 Watsons 官方 Open Chat 門市頁匯入；營業時間需用 Google Sheet、官方門市詳細頁或人工確認後填入。,https://www.watsons.com.tw/openchat
館前店,台北館前店;屈臣氏館前店;館前;館前店門市;館前店,台北市中正區館前路18號,,每日,,,由 Watsons 官方 Open Chat 門市頁匯入；營業時間需用 Google Sheet、官方門市詳細頁或人工確認後填入。,https://www.watsons.com.tw/openchat
內湖店,台北內湖店;屈臣氏內湖店;內湖;內湖店門市;內湖店,台北市內湖區成功路四段46號,,每日,,,由 Watsons 官方 Open Chat 門市頁匯入；營業時間需用 Google Sheet、官方門市詳細頁或人工確認後填入。,https://www.watsons.com.tw/openchat
東湖店,台北東湖店;屈臣氏東湖店;東湖;東湖店門市;東湖店,台北市內湖區東湖路31號,,每日,,,由 Watsons 官方 Open Chat 門市頁匯入；營業時間需用 Google Sheet、官方門市詳細頁或人工確認後填入。,https://www.watsons.com.tw/openchat
康樂店,台北康樂店;屈臣氏康樂店;康樂;康樂店門市;康樂店,台北市內湖區康樂街116-4號,,每日,,,由 Watsons 官方 Open Chat 門市頁匯入；營業時間需用 Google Sheet、官方門市詳細頁或人工確認後填入。,https://www.watsons.com.tw/openchat
三總店,台北三總店;屈臣氏三總店;三總;三總店門市;三總店,台北市內湖區成功路二段325號B1,,每日,,,由 Watsons 官方 Open Chat 門市頁匯入；營業時間需用 Google Sheet、官方門市詳細頁或人工確認後填入。,https://www.watsons.com.tw/openchat
德明店,台北德明店;屈臣氏德明店;德明;德明店門市;德明店,台北市內湖區內湖路一段279號,,每日,,,由 Watsons 官方 Open Chat 門市頁匯入；營業時間需用 Google Sheet、官方門市詳細頁或人工確認後填入。,https://www.watsons.com.tw/openchat
港墘店,台北港墘店;屈臣氏港墘店;港墘;港墘店門市;港墘店,台北市內湖區內湖路一段737巷37號,,每日,,,由 Watsons 官方 Open Chat 門市頁匯入；營業時間需用 Google Sheet、官方門市詳細頁或人工確認後填入。,https://www.watsons.com.tw/openchat
木柵店,台北木柵店;屈臣氏木柵店;木柵;木柵店門市;木柵店,台北市文山區興隆路三段53號,,每日,,,由 Watsons 官方 Open Chat 門市頁匯入；營業時間需用 Google Sheet、官方門市詳細頁或人工確認後填入。,https://www.watsons.com.tw/openchat
政大店,台北政大店;屈臣氏政大店;政大;政大店門市;政大店,台北市文山區指南路二段123號,,每日,,,由 Watsons 官方 Open Chat 門市頁匯入；營業時間需用 Google Sheet、官方門市詳細頁或人工確認後填入。,https://www.watsons.com.tw/openchat
木柵三店,台北木柵三店;屈臣氏木柵三店;木柵三;木柵三店門市;木柵三店,台北市文山區木柵路三段59號,,每日,,,由 Watsons 官方 Open Chat 門市頁匯入；營業時間需用 Google Sheet、官方門市詳細頁或人工確認後填入。,https://www.watsons.com.tw/openchat
景美二店,台北景美二店;屈臣氏景美二店;景美二;景美二店門市;景美二店,台北市文山區景興路195號,,每日,,,由 Watsons 官方 Open Chat 門市頁匯入；營業時間需用 Google Sheet、官方門市詳細頁或人工確認後填入。,https://www.watsons.com.tw/openchat
木新店,台北木新店;屈臣氏木新店;木新;木新店門市;木新店,台北市文山區木新路三段119號,,每日,,,由 Watsons 官方 Open Chat 門市頁匯入；營業時間需用 Google Sheet、官方門市詳細頁或人工確認後填入。,https://www.watsons.com.tw/openchat
世新店,台北世新店;屈臣氏世新店;世新;世新店門市;世新店,台北市文山區木柵路一段167號,,每日,,,由 Watsons 官方 Open Chat 門市頁匯入；營業時間需用 Google Sheet、官方門市詳細頁或人工確認後填入。,https://www.watsons.com.tw/openchat
石牌店,台北石牌店;屈臣氏石牌店;石牌;石牌店門市;石牌店,台北市北投區石牌路二段76號,,每日,,,由 Watsons 官方 Open Chat 門市頁匯入；營業時間需用 Google Sheet、官方門市詳細頁或人工確認後填入。,https://www.watsons.com.tw/openchat
北投店,台北北投店;屈臣氏北投店;北投;北投店門市;北投店,台北市北投區光明路223號,,每日,,,由 Watsons 官方 Open Chat 門市頁匯入；營業時間需用 Google Sheet、官方門市詳細頁或人工確認後填入。,https://www.watsons.com.tw/openchat
磺港店,台北磺港店;屈臣氏磺港店;磺港;磺港店門市;磺港店,台北市北投區磺港路8號,,每日,,,由 Watsons 官方 Open Chat 門市頁匯入；營業時間需用 Google Sheet、官方門市詳細頁或人工確認後填入。,https://www.watsons.com.tw/openchat
知行店,台北知行店;屈臣氏知行店;知行;知行店門市;知行店,台北市北投區知行路222號,,每日,,,由 Watsons 官方 Open Chat 門市頁匯入；營業時間需用 Google Sheet、官方門市詳細頁或人工確認後填入。,https://www.watsons.com.tw/openchat
北投二店,台北北投二店;屈臣氏北投二店;北投二;北投二店門市;北投二店,台北市北投區中和街319號,,每日,,,由 Watsons 官方 Open Chat 門市頁匯入；營業時間需用 Google Sheet、官方門市詳細頁或人工確認後填入。,https://www.watsons.com.tw/openchat
自強店,台北自強店;屈臣氏自強店;自強;自強店門市;自強店,台北市北投區自強街88號,,每日,,,由 Watsons 官方 Open Chat 門市頁匯入；營業時間需用 Google Sheet、官方門市詳細頁或人工確認後填入。,https://www.watsons.com.tw/openchat
南二店,台北南二店;屈臣氏南二店;南二;南二店門市;南二店,台北市松山區南京東路五段64號,,每日,,,由 Watsons 官方 Open Chat 門市頁匯入；營業時間需用 Google Sheet、官方門市詳細頁或人工確認後填入。,https://www.watsons.com.tw/openchat
民權店,台北民權店;屈臣氏民權店;民權;民權店門市;民權店,台北市松山區民權東路三段136號,,每日,,,由 Watsons 官方 Open Chat 門市頁匯入；營業時間需用 Google Sheet、官方門市詳細頁或人工確認後填入。,https://www.watsons.com.tw/openchat
民環店,台北民環店;屈臣氏民環店;民環;民環店門市;民環店,台北市松山區民生東路五段188號,,每日,,,由 Watsons 官方 Open Chat 門市頁匯入；營業時間需用 Google Sheet、官方門市詳細頁或人工確認後填入。,https://www.watsons.com.tw/openchat
民生店,台北民生店;屈臣氏民生店;民生;民生店門市;民生店,台北市松山區民生東路四段60號,,每日,,,由 Watsons 官方 Open Chat 門市頁匯入；營業時間需用 Google Sheet、官方門市詳細頁或人工確認後填入。,https://www.watsons.com.tw/openchat
東興店,台北東興店;屈臣氏東興店;東興;東興店門市;東興店,台北市松山區南京東路5段301號,,每日,,,由 Watsons 官方 Open Chat 門市頁匯入；營業時間需用 Google Sheet、官方門市詳細頁或人工確認後填入。,https://www.watsons.com.tw/openchat
延吉店,台北延吉店;屈臣氏延吉店;延吉;延吉店門市;延吉店,台北市松山區延吉街7號,,每日,,,由 Watsons 官方 Open Chat 門市頁匯入；營業時間需用 Google Sheet、官方門市詳細頁或人工確認後填入。,https://www.watsons.com.tw/openchat
台安店,台北台安店;屈臣氏台安店;台安;台安店門市;台安店,台北市松山區八德路二段406號,,每日,,,由 Watsons 官方 Open Chat 門市頁匯入；營業時間需用 Google Sheet、官方門市詳細頁或人工確認後填入。,https://www.watsons.com.tw/openchat
南寧店,台北南寧店;屈臣氏南寧店;南寧;南寧店門市;南寧店,台北市松山區南京東路四段131號,,每日,,,由 Watsons 官方 Open Chat 門市頁匯入；營業時間需用 Google Sheet、官方門市詳細頁或人工確認後填入。,https://www.watsons.com.tw/openchat
忠五店,台北忠五店;屈臣氏忠五店;忠五;忠五店門市;忠五店,台北市信義區忠孝東路五段494號,,每日,,,由 Watsons 官方 Open Chat 門市頁匯入；營業時間需用 Google Sheet、官方門市詳細頁或人工確認後填入。,https://www.watsons.com.tw/openchat
吳興店,台北吳興店;屈臣氏吳興店;吳興;吳興店門市;吳興店,台北市信義區吳興街225號,,每日,,,由 Watsons 官方 Open Chat 門市頁匯入；營業時間需用 Google Sheet、官方門市詳細頁或人工確認後填入。,https://www.watsons.com.tw/openchat
松二店,台北松二店;屈臣氏松二店;松二;松二店門市;松二店,台北市信義區松山路564號,,每日,,,由 Watsons 官方 Open Chat 門市頁匯入；營業時間需用 Google Sheet、官方門市詳細頁或人工確認後填入。,https://www.watsons.com.tw/openchat
福德店,台北福德店;屈臣氏福德店;福德;福德店門市;福德店,台北市信義區福德街191號,,每日,,,由 Watsons 官方 Open Chat 門市頁匯入；營業時間需用 Google Sheet、官方門市詳細頁或人工確認後填入。,https://www.watsons.com.tw/openchat
五分埔店,台北五分埔店;屈臣氏五分埔店;五分埔;五分埔店門市;五分埔店,台北市信義區松山路111號,,每日,,,由 Watsons 官方 Open Chat 門市頁匯入；營業時間需用 Google Sheet、官方門市詳細頁或人工確認後填入。,https://www.watsons.com.tw/openchat
和平三店,台北和平三店;屈臣氏和平三店;和平三;和平三店門市;和平三店,台北市信義區和平東路三段433號,,每日,,,由 Watsons 官方 Open Chat 門市頁匯入；營業時間需用 Google Sheet、官方門市詳細頁或人工確認後填入。,https://www.watsons.com.tw/openchat
光南店,台北光南店;屈臣氏光南店;光南;光南店門市;光南店,台北市信義區光復南路445-1號,,每日,,,由 Watsons 官方 Open Chat 門市頁匯入；營業時間需用 Google Sheet、官方門市詳細頁或人工確認後填入。,https://www.watsons.com.tw/openchat
新中坡,台北新中坡;屈臣氏新中坡;新中坡店;新中坡門市;新中坡,台北市南港區忠孝東路五段974號1-2樓,,每日,,,由 Watsons 官方 Open Chat 門市頁匯入；營業時間需用 Google Sheet、官方門市詳細頁或人工確認後填入。,https://www.watsons.com.tw/openchat
昆陽店,台北昆陽店;屈臣氏昆陽店;昆陽;昆陽店門市;昆陽店,台北市南港區忠孝東路六段440號,,每日,,,由 Watsons 官方 Open Chat 門市頁匯入；營業時間需用 Google Sheet、官方門市詳細頁或人工確認後填入。,https://www.watsons.com.tw/openchat
萬大店,台北萬大店;屈臣氏萬大店;萬大;萬大店門市;萬大店,台北市萬華區萬大路497號,,每日,,,由 Watsons 官方 Open Chat 門市頁匯入；營業時間需用 Google Sheet、官方門市詳細頁或人工確認後填入。,https://www.watsons.com.tw/openchat
士林店,台北士林店;屈臣氏士林店;士林;士林店門市;士林店,台北市士林區中正路285號,,每日,,,由 Watsons 官方 Open Chat 門市頁匯入；營業時間需用 Google Sheet、官方門市詳細頁或人工確認後填入。,https://www.watsons.com.tw/openchat
士捷店,台北士捷店;屈臣氏士捷店;士捷;士捷店門市;士捷店,台北市士林區中正路243號,,每日,,,由 Watsons 官方 Open Chat 門市頁匯入；營業時間需用 Google Sheet、官方門市詳細頁或人工確認後填入。,https://www.watsons.com.tw/openchat
民捷店,台北民捷店;屈臣氏民捷店;民捷;民捷店門市;民捷店,台北市中山區民權西路64號,,每日,,,由 Watsons 官方 Open Chat 門市頁匯入；營業時間需用 Google Sheet、官方門市詳細頁或人工確認後填入。,https://www.watsons.com.tw/openchat
劍潭店,台北劍潭店;屈臣氏劍潭店;劍潭;劍潭店門市;劍潭店,台北市士林區大東路11之7號1樓-4樓,,每日,,,由 Watsons 官方 Open Chat 門市頁匯入；營業時間需用 Google Sheet、官方門市詳細頁或人工確認後填入。,https://www.watsons.com.tw/openchat
復興店,台北復興店;屈臣氏復興店;復興;復興店門市;復興店,台北市松山區南京東路三段259號,,每日,,,由 Watsons 官方 Open Chat 門市頁匯入；營業時間需用 Google Sheet、官方門市詳細頁或人工確認後填入。,https://www.watsons.com.tw/openchat
復北店,台北復北店;屈臣氏復北店;復北;復北店門市;復北店,台北市中山區復興北路60號,,每日,,,由 Watsons 官方 Open Chat 門市頁匯入；營業時間需用 Google Sheet、官方門市詳細頁或人工確認後填入。,https://www.watsons.com.tw/openchat
松壽店,台北松壽店;屈臣氏松壽店;松壽;松壽店門市;松壽店,台北市信義區松壽路12號,,每日,,,由 Watsons 官方 Open Chat 門市頁匯入；營業時間需用 Google Sheet、官方門市詳細頁或人工確認後填入。,https://www.watsons.com.tw/openchat
永吉店,台北永吉店;屈臣氏永吉店;永吉;永吉店門市;永吉店,台北市信義區忠孝東路五段165巷1號1樓,,每日,,,由 Watsons 官方 Open Chat 門市頁匯入；營業時間需用 Google Sheet、官方門市詳細頁或人工確認後填入。,https://www.watsons.com.tw/openchat
錦州店,台北錦州店;屈臣氏錦州店;錦州;錦州店門市;錦州店,台北市中山區錦州街448號1F,,每日,,,由 Watsons 官方 Open Chat 門市頁匯入；營業時間需用 Google Sheet、官方門市詳細頁或人工確認後填入。,https://www.watsons.com.tw/openchat
南京西店,台北南京西店;屈臣氏南京西店;南京西;南京西店門市;南京西店,台北市中山區南京西路3-2號,,每日,,,由 Watsons 官方 Open Chat 門市頁匯入；營業時間需用 Google Sheet、官方門市詳細頁或人工確認後填入。,https://www.watsons.com.tw/openchat
漢中店,台北漢中店;屈臣氏漢中店;漢中;漢中店門市;漢中店,台北市萬華區漢中街131號B1-2F,,每日,,,由 Watsons 官方 Open Chat 門市頁匯入；營業時間需用 Google Sheet、官方門市詳細頁或人工確認後填入。,https://www.watsons.com.tw/openchat
武昌店,台北武昌店;屈臣氏武昌店;武昌;武昌店門市;武昌店,台北市萬華區武昌街二段37、39號,,每日,,,由 Watsons 官方 Open Chat 門市頁匯入；營業時間需用 Google Sheet、官方門市詳細頁或人工確認後填入。,https://www.watsons.com.tw/openchat
南西二店,台北南西二店;屈臣氏南西二店;南西二;南西二店門市;南西二店,台北市大同區南京西路42號,,每日,,,由 Watsons 官方 Open Chat 門市頁匯入；營業時間需用 Google Sheet、官方門市詳細頁或人工確認後填入。,https://www.watsons.com.tw/openchat
忠孝東店,台北忠孝東店;屈臣氏忠孝東店;忠孝東;忠孝東店門市;忠孝東店,台北市大安區忠孝東路四段339號,,每日,,,由 Watsons 官方 Open Chat 門市頁匯入；營業時間需用 Google Sheet、官方門市詳細頁或人工確認後填入。,https://www.watsons.com.tw/openchat
南陽店,台北南陽店;屈臣氏南陽店;南陽;南陽店門市;南陽店,台北市中正區南陽街15號,,每日,,,由 Watsons 官方 Open Chat 門市頁匯入；營業時間需用 Google Sheet、官方門市詳細頁或人工確認後填入。,https://www.watsons.com.tw/openchat
林森店,台北林森店;屈臣氏林森店;林森;林森店門市;林森店,台北市中山區林森北路380號,,每日,,,由 Watsons 官方 Open Chat 門市頁匯入；營業時間需用 Google Sheet、官方門市詳細頁或人工確認後填入。,https://www.watsons.com.tw/openchat
城中店,台北城中店;屈臣氏城中店;城中;城中店門市;城中店,台北市中正區重慶南路一段56號,,每日,,,由 Watsons 官方 Open Chat 門市頁匯入；營業時間需用 Google Sheet、官方門市詳細頁或人工確認後填入。,https://www.watsons.com.tw/openchat
新南京店,台北新南京店;屈臣氏新南京店;新南京;新南京店門市;新南京店,台北市中山區南京東路二段50號,,每日,,,由 Watsons 官方 Open Chat 門市頁匯入；營業時間需用 Google Sheet、官方門市詳細頁或人工確認後填入。,https://www.watsons.com.tw/openchat
西門店,台北西門店;屈臣氏西門店;西門;西門店門市;西門店,台北市萬華區成都路15號,,每日,,,由 Watsons 官方 Open Chat 門市頁匯入；營業時間需用 Google Sheet、官方門市詳細頁或人工確認後填入。,https://www.watsons.com.tw/openchat
武昌二店,台北武昌二店;屈臣氏武昌二店;武昌二;武昌二店門市;武昌二店,台北市萬華區武昌街二段81、83號,,每日,,,由 Watsons 官方 Open Chat 門市頁匯入；營業時間需用 Google Sheet、官方門市詳細頁或人工確認後填入。,https://www.watsons.com.tw/openchat
林森北店,台北林森北店;屈臣氏林森北店;林森北;林森北店門市;林森北店,台北市中山區林森北路131號1F,,每日,,,由 Watsons 官方 Open Chat 門市頁匯入；營業時間需用 Google Sheet、官方門市詳細頁或人工確認後填入。,https://www.watsons.com.tw/openchat
長安東店,台北長安東店;屈臣氏長安東店;長安東;長安東店門市;長安東店,台北市中山區長安東路二段77號,,每日,,,由 Watsons 官方 Open Chat 門市頁匯入；營業時間需用 Google Sheet、官方門市詳細頁或人工確認後填入。,https://www.watsons.com.tw/openchat
寧夏店,台北寧夏店;屈臣氏寧夏店;寧夏;寧夏店門市;寧夏店,台北市大同區寧夏路9號,,每日,,,由 Watsons 官方 Open Chat 門市頁匯入；營業時間需用 Google Sheet、官方門市詳細頁或人工確認後填入。,https://www.watsons.com.tw/openchat
南山店,台北南山店;屈臣氏南山店;南山;南山店門市;南山店,台北市大安區通化街37號,,每日,,,由 Watsons 官方 Open Chat 門市頁匯入；營業時間需用 Google Sheet、官方門市詳細頁或人工確認後填入。,https://www.watsons.com.tw/openchat
羅二店,台北羅二店;屈臣氏羅二店;羅二;羅二店門市;羅二店,台北市中正區羅斯福路四段58號,,每日,,,由 Watsons 官方 Open Chat 門市頁匯入；營業時間需用 Google Sheet、官方門市詳細頁或人工確認後填入。,https://www.watsons.com.tw/openchat
松山店,台北松山店;屈臣氏松山店;松山;松山店門市;松山店,台北市松山區八德路四段725號,,每日,,,由 Watsons 官方 Open Chat 門市頁匯入；營業時間需用 Google Sheet、官方門市詳細頁或人工確認後填入。,https://www.watsons.com.tw/openchat
西園店,台北西園店;屈臣氏西園店;西園;西園店門市;西園店,台北市萬華區西園路一段198號,,每日,,,由 Watsons 官方 Open Chat 門市頁匯入；營業時間需用 Google Sheet、官方門市詳細頁或人工確認後填入。,https://www.watsons.com.tw/openchat
科技店,台北科技店;屈臣氏科技店;科技;科技店門市;科技店,台北市大安區復興南路二段205號,,每日,,,由 Watsons 官方 Open Chat 門市頁匯入；營業時間需用 Google Sheet、官方門市詳細頁或人工確認後填入。,https://www.watsons.com.tw/openchat
信義三店,台北信義三店;屈臣氏信義三店;信義三;信義三店門市;信義三店,台北市大安區信義路四段22號,,每日,,,由 Watsons 官方 Open Chat 門市頁匯入；營業時間需用 Google Sheet、官方門市詳細頁或人工確認後填入。,https://www.watsons.com.tw/openchat
通化店,台北通化店;屈臣氏通化店;通化;通化店門市;通化店,台北市大安區信義路四段296號,,每日,,,由 Watsons 官方 Open Chat 門市頁匯入；營業時間需用 Google Sheet、官方門市詳細頁或人工確認後填入。,https://www.watsons.com.tw/openchat
臨江店,台北臨江店;屈臣氏臨江店;臨江;臨江店門市;臨江店,台北市大安區光復南路704號,,每日,,,由 Watsons 官方 Open Chat 門市頁匯入；營業時間需用 Google Sheet、官方門市詳細頁或人工確認後填入。,https://www.watsons.com.tw/openchat
和平東店,台北和平東店;屈臣氏和平東店;和平東;和平東店門市;和平東店,台北市大安區和平東路一段29號,,每日,,,由 Watsons 官方 Open Chat 門市頁匯入；營業時間需用 Google Sheet、官方門市詳細頁或人工確認後填入。,https://www.watsons.com.tw/openchat
八里店,新北八里店;屈臣氏八里店;八里;八里店門市;八里店,新北市八里區中山路二段399號,,每日,,,由 Watsons 官方 Open Chat 門市頁匯入；營業時間需用 Google Sheet、官方門市詳細頁或人工確認後填入。,https://www.watsons.com.tw/openchat
三芝店,新北三芝店;屈臣氏三芝店;三芝;三芝店門市;三芝店,新北市三芝區育英街1號,,每日,,,由 Watsons 官方 Open Chat 門市頁匯入；營業時間需用 Google Sheet、官方門市詳細頁或人工確認後填入。,https://www.watsons.com.tw/openchat
五華店,新北五華店;屈臣氏五華店;五華;五華店門市;五華店,新北市三重區五華街59號,,每日,,,由 Watsons 官方 Open Chat 門市頁匯入；營業時間需用 Google Sheet、官方門市詳細頁或人工確認後填入。,https://www.watsons.com.tw/openchat
正義店,新北正義店;屈臣氏正義店;正義;正義店門市;正義店,新北市三重區正義北路179號,,每日,,,由 Watsons 官方 Open Chat 門市頁匯入；營業時間需用 Google Sheet、官方門市詳細頁或人工確認後填入。,https://www.watsons.com.tw/openchat
力行店,新北力行店;屈臣氏力行店;力行;力行店門市;力行店,新北市三重區忠孝路二段107號,,每日,,,由 Watsons 官方 Open Chat 門市頁匯入；營業時間需用 Google Sheet、官方門市詳細頁或人工確認後填入。,https://www.watsons.com.tw/openchat
三和店,新北三和店;屈臣氏三和店;三和;三和店門市;三和店,新北市三重區三和路四段155巷2號,,每日,,,由 Watsons 官方 Open Chat 門市頁匯入；營業時間需用 Google Sheet、官方門市詳細頁或人工確認後填入。,https://www.watsons.com.tw/openchat
三華店,新北三華店;屈臣氏三華店;三華;三華店門市;三華店,新北市三重區中華路99號,,每日,,,由 Watsons 官方 Open Chat 門市頁匯入；營業時間需用 Google Sheet、官方門市詳細頁或人工確認後填入。,https://www.watsons.com.tw/openchat
集美店,新北集美店;屈臣氏集美店;集美;集美店門市;集美店,新北市三重區集美街103號,,每日,,,由 Watsons 官方 Open Chat 門市頁匯入；營業時間需用 Google Sheet、官方門市詳細頁或人工確認後填入。,https://www.watsons.com.tw/openchat
三和二店,新北三和二店;屈臣氏三和二店;三和二;三和二店門市;三和二店,新北市三重區三和路四段420號,,每日,,,由 Watsons 官方 Open Chat 門市頁匯入；營業時間需用 Google Sheet、官方門市詳細頁或人工確認後填入。,https://www.watsons.com.tw/openchat
溪尾店,新北溪尾店;屈臣氏溪尾店;溪尾;溪尾店門市;溪尾店,新北市三重區溪尾街185號,,每日,,,由 Watsons 官方 Open Chat 門市頁匯入；營業時間需用 Google Sheet、官方門市詳細頁或人工確認後填入。,https://www.watsons.com.tw/openchat
中正北店,新北中正北店;屈臣氏中正北店;中正北;中正北店門市;中正北店,新北市三重區中正北路189號,,每日,,,由 Watsons 官方 Open Chat 門市頁匯入；營業時間需用 Google Sheet、官方門市詳細頁或人工確認後填入。,https://www.watsons.com.tw/openchat
三峽店,新北三峽店;屈臣氏三峽店;三峽;三峽店門市;三峽店,新北市三峽區民生街119-2號,,每日,,,由 Watsons 官方 Open Chat 門市頁匯入；營業時間需用 Google Sheet、官方門市詳細頁或人工確認後填入。,https://www.watsons.com.tw/openchat
學勤店,新北學勤店;屈臣氏學勤店;學勤;學勤店門市;學勤店,新北市三峽區大學路150-2號,,每日,,,由 Watsons 官方 Open Chat 門市頁匯入；營業時間需用 Google Sheet、官方門市詳細頁或人工確認後填入。,https://www.watsons.com.tw/openchat
土城店,新北土城店;屈臣氏土城店;土城;土城店門市;土城店,新北市土城區學府路一段109號,,每日,,,由 Watsons 官方 Open Chat 門市頁匯入；營業時間需用 Google Sheet、官方門市詳細頁或人工確認後填入。,https://www.watsons.com.tw/openchat
土城二店,新北土城二店;屈臣氏土城二店;土城二;土城二店門市;土城二店,新北市土城區中央路二段169號,,每日,,,由 Watsons 官方 Open Chat 門市頁匯入；營業時間需用 Google Sheet、官方門市詳細頁或人工確認後填入。,https://www.watsons.com.tw/openchat
裕民店,新北裕民店;屈臣氏裕民店;裕民;裕民店門市;裕民店,新北市土城區裕民路52號,,每日,,,由 Watsons 官方 Open Chat 門市頁匯入；營業時間需用 Google Sheet、官方門市詳細頁或人工確認後填入。,https://www.watsons.com.tw/openchat
延和店,新北延和店;屈臣氏延和店;延和;延和店門市;延和店,新北市土城區延和路170號,,每日,,,由 Watsons 官方 Open Chat 門市頁匯入；營業時間需用 Google Sheet、官方門市詳細頁或人工確認後填入。,https://www.watsons.com.tw/openchat
中和店,新北中和店;屈臣氏中和店;中和;中和店門市;中和店,新北市中和區興南路一段47號,,每日,,,由 Watsons 官方 Open Chat 門市頁匯入；營業時間需用 Google Sheet、官方門市詳細頁或人工確認後填入。,https://www.watsons.com.tw/openchat
中連店,新北中連店;屈臣氏中連店;中連;中連店門市;中連店,新北市中和區中和路1號,,每日,,,由 Watsons 官方 Open Chat 門市頁匯入；營業時間需用 Google Sheet、官方門市詳細頁或人工確認後填入。,https://www.watsons.com.tw/openchat
華新店,新北華新店;屈臣氏華新店;華新;華新店門市;華新店,新北市中和區華新街95號,,每日,,,由 Watsons 官方 Open Chat 門市頁匯入；營業時間需用 Google Sheet、官方門市詳細頁或人工確認後填入。,https://www.watsons.com.tw/openchat
南勢角店,新北南勢角店;屈臣氏南勢角店;南勢角;南勢角店門市;南勢角店,新北市中和區景新街420號,,每日,,,由 Watsons 官方 Open Chat 門市頁匯入；營業時間需用 Google Sheet、官方門市詳細頁或人工確認後填入。,https://www.watsons.com.tw/openchat
宜安店,新北宜安店;屈臣氏宜安店;宜安;宜安店門市;宜安店,新北市中和區宜安路148號,,每日,,,由 Watsons 官方 Open Chat 門市頁匯入；營業時間需用 Google Sheet、官方門市詳細頁或人工確認後填入。,https://www.watsons.com.tw/openchat
漢生店,新北漢生店;屈臣氏漢生店;漢生;漢生店門市;漢生店,新北市中和區中山路三段191號,,每日,,,由 Watsons 官方 Open Chat 門市頁匯入；營業時間需用 Google Sheet、官方門市詳細頁或人工確認後填入。,https://www.watsons.com.tw/openchat
員山店,新北員山店;屈臣氏員山店;員山;員山店門市;員山店,新北市中和區員山路198號,,每日,,,由 Watsons 官方 Open Chat 門市頁匯入；營業時間需用 Google Sheet、官方門市詳細頁或人工確認後填入。,https://www.watsons.com.tw/openchat
莒光二店,新北莒光二店;屈臣氏莒光二店;莒光二;莒光二店門市;莒光二店,新北市中和區莒光路127號,,每日,,,由 Watsons 官方 Open Chat 門市頁匯入；營業時間需用 Google Sheet、官方門市詳細頁或人工確認後填入。,https://www.watsons.com.tw/openchat
連城店,新北連城店;屈臣氏連城店;連城;連城店門市;連城店,新北市中和區連城路351號,,每日,,,由 Watsons 官方 Open Chat 門市頁匯入；營業時間需用 Google Sheet、官方門市詳細頁或人工確認後填入。,https://www.watsons.com.tw/openchat
五股店,新北五股店;屈臣氏五股店;五股;五股店門市;五股店,新北市五股區工商路80號,,每日,,,由 Watsons 官方 Open Chat 門市頁匯入；營業時間需用 Google Sheet、官方門市詳細頁或人工確認後填入。,https://www.watsons.com.tw/openchat
永和店,新北永和店;屈臣氏永和店;永和;永和店門市;永和店,新北市永和區永和路二段209號,,每日,,,由 Watsons 官方 Open Chat 門市頁匯入；營業時間需用 Google Sheet、官方門市詳細頁或人工確認後填入。,https://www.watsons.com.tw/openchat
竹林店,新北竹林店;屈臣氏竹林店;竹林;竹林店門市;竹林店,新北市永和區竹林路231號,,每日,,,由 Watsons 官方 Open Chat 門市頁匯入；營業時間需用 Google Sheet、官方門市詳細頁或人工確認後填入。,https://www.watsons.com.tw/openchat
得和店,新北得和店;屈臣氏得和店;得和;得和店門市;得和店,新北市永和區得和路399號,,每日,,,由 Watsons 官方 Open Chat 門市頁匯入；營業時間需用 Google Sheet、官方門市詳細頁或人工確認後填入。,https://www.watsons.com.tw/openchat
樂華店,新北樂華店;屈臣氏樂華店;樂華;樂華店門市;樂華店,新北市永和區永和路一段164號,,每日,,,由 Watsons 官方 Open Chat 門市頁匯入；營業時間需用 Google Sheet、官方門市詳細頁或人工確認後填入。,https://www.watsons.com.tw/openchat
永安店,新北永安店;屈臣氏永安店;永安;永安店門市;永安店,新北市永和區中和路515號,,每日,,,由 Watsons 官方 Open Chat 門市頁匯入；營業時間需用 Google Sheet、官方門市詳細頁或人工確認後填入。,https://www.watsons.com.tw/openchat
秀山店,新北秀山店;屈臣氏秀山店;秀山;秀山店門市;秀山店,新北市永和區民權路53號,,每日,,,由 Watsons 官方 Open Chat 門市頁匯入；營業時間需用 Google Sheet、官方門市詳細頁或人工確認後填入。,https://www.watsons.com.tw/openchat
中興店,新北中興店;屈臣氏中興店;中興;中興店門市;中興店,新北市永和區中興街91號,,每日,,,由 Watsons 官方 Open Chat 門市頁匯入；營業時間需用 Google Sheet、官方門市詳細頁或人工確認後填入。,https://www.watsons.com.tw/openchat
中山店,新北中山店;屈臣氏中山店;中山;中山店門市;中山店,新北市永和區中山路一段212號,,每日,,,由 Watsons 官方 Open Chat 門市頁匯入；營業時間需用 Google Sheet、官方門市詳細頁或人工確認後填入。,https://www.watsons.com.tw/openchat
新智光店,新北新智光店;屈臣氏新智光店;新智光;新智光店門市;新智光店,新北市永和區中正路101號,,每日,,,由 Watsons 官方 Open Chat 門市頁匯入；營業時間需用 Google Sheet、官方門市詳細頁或人工確認後填入。,https://www.watsons.com.tw/openchat
汐止店,新北汐止店;屈臣氏汐止店;汐止;汐止店門市;汐止店,新北市汐止區中興路168號,,每日,,,由 Watsons 官方 Open Chat 門市頁匯入；營業時間需用 Google Sheet、官方門市詳細頁或人工確認後填入。,https://www.watsons.com.tw/openchat
汐止二店,新北汐止二店;屈臣氏汐止二店;汐止二;汐止二店門市;汐止二店,新北市汐止區忠孝東路267號,,每日,,,由 Watsons 官方 Open Chat 門市頁匯入；營業時間需用 Google Sheet、官方門市詳細頁或人工確認後填入。,https://www.watsons.com.tw/openchat
新台五店,新北新台五店;屈臣氏新台五店;新台五;新台五店門市;新台五店,新北市汐止區新台五路一段161號,,每日,,,由 Watsons 官方 Open Chat 門市頁匯入；營業時間需用 Google Sheet、官方門市詳細頁或人工確認後填入。,https://www.watsons.com.tw/openchat
建成店,新北建成店;屈臣氏建成店;建成;建成店門市;建成店,新北市汐止區建成路48號,,每日,,,由 Watsons 官方 Open Chat 門市頁匯入；營業時間需用 Google Sheet、官方門市詳細頁或人工確認後填入。,https://www.watsons.com.tw/openchat
汐福店,新北汐福店;屈臣氏汐福店;汐福;汐福店門市;汐福店,新北市汐止區福德一路89號,,每日,,,由 Watsons 官方 Open Chat 門市頁匯入；營業時間需用 Google Sheet、官方門市詳細頁或人工確認後填入。,https://www.watsons.com.tw/openchat
四川店,新北四川店;屈臣氏四川店;四川;四川店門市;四川店,新北市板橋區忠孝路25號,,每日,,,由 Watsons 官方 Open Chat 門市頁匯入；營業時間需用 Google Sheet、官方門市詳細頁或人工確認後填入。,https://www.watsons.com.tw/openchat
板金店,新北板金店;屈臣氏板金店;板金;板金店門市;板金店,新北市板橋區金門街286號,,每日,,,由 Watsons 官方 Open Chat 門市頁匯入；營業時間需用 Google Sheet、官方門市詳細頁或人工確認後填入。,https://www.watsons.com.tw/openchat
亞東店,新北亞東店;屈臣氏亞東店;亞東;亞東店門市;亞東店,新北市板橋區四川路二段51號,,每日,,,由 Watsons 官方 Open Chat 門市頁匯入；營業時間需用 Google Sheet、官方門市詳細頁或人工確認後填入。,https://www.watsons.com.tw/openchat
國慶店,新北國慶店;屈臣氏國慶店;國慶;國慶店門市;國慶店,新北市板橋區國慶路183號,,每日,,,由 Watsons 官方 Open Chat 門市頁匯入；營業時間需用 Google Sheet、官方門市詳細頁或人工確認後填入。,https://www.watsons.com.tw/openchat
埔墘店,新北埔墘店;屈臣氏埔墘店;埔墘;埔墘店門市;埔墘店,新北市板橋區中山路二段188號,,每日,,,由 Watsons 官方 Open Chat 門市頁匯入；營業時間需用 Google Sheet、官方門市詳細頁或人工確認後填入。,https://www.watsons.com.tw/openchat
四維店,新北四維店;屈臣氏四維店;四維;四維店門市;四維店,新北市板橋區四維路257號,,每日,,,由 Watsons 官方 Open Chat 門市頁匯入；營業時間需用 Google Sheet、官方門市詳細頁或人工確認後填入。,https://www.watsons.com.tw/openchat
板七店,新北板七店;屈臣氏板七店;板七;板七店門市;板七店,新北市板橋區中正路222號,,每日,,,由 Watsons 官方 Open Chat 門市頁匯入；營業時間需用 Google Sheet、官方門市詳細頁或人工確認後填入。,https://www.watsons.com.tw/openchat
板中店,新北板中店;屈臣氏板中店;板中;板中店門市;板中店,新北市板橋區中山路一段19號,,每日,,,由 Watsons 官方 Open Chat 門市頁匯入；營業時間需用 Google Sheet、官方門市詳細頁或人工確認後填入。,https://www.watsons.com.tw/openchat
新海店,新北新海店;屈臣氏新海店;新海;新海店門市;新海店,新北市板橋區新海路150號,,每日,,,由 Watsons 官方 Open Chat 門市頁匯入；營業時間需用 Google Sheet、官方門市詳細頁或人工確認後填入。,https://www.watsons.com.tw/openchat
莒光店,新北莒光店;屈臣氏莒光店;莒光;莒光店門市;莒光店,新北市板橋區莒光路33號,,每日,,,由 Watsons 官方 Open Chat 門市頁匯入；營業時間需用 Google Sheet、官方門市詳細頁或人工確認後填入。,https://www.watsons.com.tw/openchat
南雅店,新北南雅店;屈臣氏南雅店;南雅;南雅店門市;南雅店,新北市板橋區南雅南路一段27號,,每日,,,由 Watsons 官方 Open Chat 門市頁匯入；營業時間需用 Google Sheet、官方門市詳細頁或人工確認後填入。,https://www.watsons.com.tw/openchat
雙十店,新北雙十店;屈臣氏雙十店;雙十;雙十店門市;雙十店,新北市板橋區雙十路二段213號,,每日,,,由 Watsons 官方 Open Chat 門市頁匯入；營業時間需用 Google Sheet、官方門市詳細頁或人工確認後填入。,https://www.watsons.com.tw/openchat
民治店,新北民治店;屈臣氏民治店;民治;民治店門市;民治店,新北市板橋區民治街123號,,每日,,,由 Watsons 官方 Open Chat 門市頁匯入；營業時間需用 Google Sheet、官方門市詳細頁或人工確認後填入。,https://www.watsons.com.tw/openchat
長壽店,新北長壽店;屈臣氏長壽店;長壽;長壽店門市;長壽店,新北市板橋區三民路二段97號,,每日,,,由 Watsons 官方 Open Chat 門市頁匯入；營業時間需用 Google Sheet、官方門市詳細頁或人工確認後填入。,https://www.watsons.com.tw/openchat
板文店,新北板文店;屈臣氏板文店;板文;板文店門市;板文店,新北市板橋區文化路一段411號,,每日,,,由 Watsons 官方 Open Chat 門市頁匯入；營業時間需用 Google Sheet、官方門市詳細頁或人工確認後填入。,https://www.watsons.com.tw/openchat
林口店,新北林口店;屈臣氏林口店;林口;林口店門市;林口店,新北市林口區中正路103號,,每日,,,由 Watsons 官方 Open Chat 門市頁匯入；營業時間需用 Google Sheet、官方門市詳細頁或人工確認後填入。,https://www.watsons.com.tw/openchat
林口二店,新北林口二店;屈臣氏林口二店;林口二;林口二店門市;林口二店,新北市林口區文化二路一段152號,,每日,,,由 Watsons 官方 Open Chat 門市頁匯入；營業時間需用 Google Sheet、官方門市詳細頁或人工確認後填入。,https://www.watsons.com.tw/openchat
林口三店,新北林口三店;屈臣氏林口三店;林口三;林口三店門市;林口三店,新北市林口區仁愛路二段247號,,每日,,,由 Watsons 官方 Open Chat 門市頁匯入；營業時間需用 Google Sheet、官方門市詳細頁或人工確認後填入。,https://www.watsons.com.tw/openchat
金山店,新北金山店;屈臣氏金山店;金山;金山店門市;金山店,新北市金山區中山路228號,,每日,,,由 Watsons 官方 Open Chat 門市頁匯入；營業時間需用 Google Sheet、官方門市詳細頁或人工確認後填入。,https://www.watsons.com.tw/openchat
泰山店,新北泰山店;屈臣氏泰山店;泰山;泰山店門市;泰山店,新北市泰山區明志路三段184號,,每日,,,由 Watsons 官方 Open Chat 門市頁匯入；營業時間需用 Google Sheet、官方門市詳細頁或人工確認後填入。,https://www.watsons.com.tw/openchat
泰林店,新北泰林店;屈臣氏泰林店;泰林;泰林店門市;泰林店,新北市泰山區泰林路二段185號,,每日,,,由 Watsons 官方 Open Chat 門市頁匯入；營業時間需用 Google Sheet、官方門市詳細頁或人工確認後填入。,https://www.watsons.com.tw/openchat
泰仁店,新北泰仁店;屈臣氏泰仁店;泰仁;泰仁店門市;泰仁店,新北市泰山區仁愛路83號,,每日,,,由 Watsons 官方 Open Chat 門市頁匯入；營業時間需用 Google Sheet、官方門市詳細頁或人工確認後填入。,https://www.watsons.com.tw/openchat
淡水店,新北淡水店;屈臣氏淡水店;淡水;淡水店門市;淡水店,新北市淡水區英專路46號,,每日,,,由 Watsons 官方 Open Chat 門市頁匯入；營業時間需用 Google Sheet、官方門市詳細頁或人工確認後填入。,https://www.watsons.com.tw/openchat
竹圍店,新北竹圍店;屈臣氏竹圍店;竹圍;竹圍店門市;竹圍店,新北市淡水區民族路10號,,每日,,,由 Watsons 官方 Open Chat 門市頁匯入；營業時間需用 Google Sheet、官方門市詳細頁或人工確認後填入。,https://www.watsons.com.tw/openchat
淡海店,新北淡海店;屈臣氏淡海店;淡海;淡海店門市;淡海店,新北市淡水區中山北路一段48號,,每日,,,由 Watsons 官方 Open Chat 門市頁匯入；營業時間需用 Google Sheet、官方門市詳細頁或人工確認後填入。,https://www.watsons.com.tw/openchat
淡江店,新北淡江店;屈臣氏淡江店;淡江;淡江店門市;淡江店,新北市淡水區北新路182巷5號,,每日,,,由 Watsons 官方 Open Chat 門市頁匯入；營業時間需用 Google Sheet、官方門市詳細頁或人工確認後填入。,https://www.watsons.com.tw/openchat
深坑店,新北深坑店;屈臣氏深坑店;深坑;深坑店門市;深坑店,新北市深坑區北深路三段177號,,每日,,,由 Watsons 官方 Open Chat 門市頁匯入；營業時間需用 Google Sheet、官方門市詳細頁或人工確認後填入。,https://www.watsons.com.tw/openchat
新店店,新北新店店;屈臣氏新店店;新店;新店店門市;新店店,新北市新店區中正路156號,,每日,,,由 Watsons 官方 Open Chat 門市頁匯入；營業時間需用 Google Sheet、官方門市詳細頁或人工確認後填入。,https://www.watsons.com.tw/openchat
安康店,新北安康店;屈臣氏安康店;安康;安康店門市;安康店,新北市新店區安康路二段198號,,每日,,,由 Watsons 官方 Open Chat 門市頁匯入；營業時間需用 Google Sheet、官方門市詳細頁或人工確認後填入。,https://www.watsons.com.tw/openchat
文中店,新北文中店;屈臣氏文中店;文中;文中店門市;文中店,新北市新店區文中路8號,,每日,,,由 Watsons 官方 Open Chat 門市頁匯入；營業時間需用 Google Sheet、官方門市詳細頁或人工確認後填入。,https://www.watsons.com.tw/openchat
大坪林店,新北大坪林店;屈臣氏大坪林店;大坪林;大坪林店門市;大坪林店,新北市新店區民權路55號,,每日,,,由 Watsons 官方 Open Chat 門市頁匯入；營業時間需用 Google Sheet、官方門市詳細頁或人工確認後填入。,https://www.watsons.com.tw/openchat
耕莘店,新北耕莘店;屈臣氏耕莘店;耕莘;耕莘店門市;耕莘店,新北市新店區中正路348號,,每日,,,由 Watsons 官方 Open Chat 門市頁匯入；營業時間需用 Google Sheet、官方門市詳細頁或人工確認後填入。,https://www.watsons.com.tw/openchat
新莊店,新北新莊店;屈臣氏新莊店;新莊;新莊店門市;新莊店,新北市新莊區新泰路132號,,每日,,,由 Watsons 官方 Open Chat 門市頁匯入；營業時間需用 Google Sheet、官方門市詳細頁或人工確認後填入。,https://www.watsons.com.tw/openchat
民安店,新北民安店;屈臣氏民安店;民安;民安店門市;民安店,新北市新莊區民安路188巷6號,,每日,,,由 Watsons 官方 Open Chat 門市頁匯入；營業時間需用 Google Sheet、官方門市詳細頁或人工確認後填入。,https://www.watsons.com.tw/openchat
幸福店,新北幸福店;屈臣氏幸福店;幸福;幸福店門市;幸福店,新北市新莊區幸福路700號,,每日,,,由 Watsons 官方 Open Chat 門市頁匯入；營業時間需用 Google Sheet、官方門市詳細頁或人工確認後填入。,https://www.watsons.com.tw/openchat
中港店,新北中港店;屈臣氏中港店;中港;中港店門市;中港店,新北市新莊區中港路297號,,每日,,,由 Watsons 官方 Open Chat 門市頁匯入；營業時間需用 Google Sheet、官方門市詳細頁或人工確認後填入。,https://www.watsons.com.tw/openchat
新福店,新北新福店;屈臣氏新福店;新福;新福店門市;新福店,新北市新莊區幸福路524號,,每日,,,由 Watsons 官方 Open Chat 門市頁匯入；營業時間需用 Google Sheet、官方門市詳細頁或人工確認後填入。,https://www.watsons.com.tw/openchat
輔仁店,新北輔仁店;屈臣氏輔仁店;輔仁;輔仁店門市;輔仁店,新北市新莊區中正路516-2號,,每日,,,由 Watsons 官方 Open Chat 門市頁匯入；營業時間需用 Google Sheet、官方門市詳細頁或人工確認後填入。,https://www.watsons.com.tw/openchat
富國店,新北富國店;屈臣氏富國店;富國;富國店門市;富國店,新北市新莊區富國路26號,,每日,,,由 Watsons 官方 Open Chat 門市頁匯入；營業時間需用 Google Sheet、官方門市詳細頁或人工確認後填入。,https://www.watsons.com.tw/openchat
五權店,新北五權店;屈臣氏五權店;五權;五權店門市;五權店,新北市新莊區五權一路48號,,每日,,,由 Watsons 官方 Open Chat 門市頁匯入；營業時間需用 Google Sheet、官方門市詳細頁或人工確認後填入。,https://www.watsons.com.tw/openchat
中平店,新北中平店;屈臣氏中平店;中平;中平店門市;中平店,新北市新莊區中平路87巷1號,,每日,,,由 Watsons 官方 Open Chat 門市頁匯入；營業時間需用 Google Sheet、官方門市詳細頁或人工確認後填入。,https://www.watsons.com.tw/openchat
新泰二店,新北新泰二店;屈臣氏新泰二店;新泰二;新泰二店門市;新泰二店,新北市新莊區新泰路55號,,每日,,,由 Watsons 官方 Open Chat 門市頁匯入；營業時間需用 Google Sheet、官方門市詳細頁或人工確認後填入。,https://www.watsons.com.tw/openchat
民安西店,新北民安西店;屈臣氏民安西店;民安西;民安西店門市;民安西店,新北市新莊區民安西路228號,,每日,,,由 Watsons 官方 Open Chat 門市頁匯入；營業時間需用 Google Sheet、官方門市詳細頁或人工確認後填入。,https://www.watsons.com.tw/openchat
新和店,新北新和店;屈臣氏新和店;新和;新和店門市;新和店,新北市新莊區中和街2號,,每日,,,由 Watsons 官方 Open Chat 門市頁匯入；營業時間需用 Google Sheet、官方門市詳細頁或人工確認後填入。,https://www.watsons.com.tw/openchat
瑞芳店,新北瑞芳店;屈臣氏瑞芳店;瑞芳;瑞芳店門市;瑞芳店,新北市瑞芳區明燈路三段62號,,每日,,,由 Watsons 官方 Open Chat 門市頁匯入；營業時間需用 Google Sheet、官方門市詳細頁或人工確認後填入。,https://www.watsons.com.tw/openchat
樹林三店,新北樹林三店;屈臣氏樹林三店;樹林三;樹林三店門市;樹林三店,新北市樹林區中華路267號,,每日,,,由 Watsons 官方 Open Chat 門市頁匯入；營業時間需用 Google Sheet、官方門市詳細頁或人工確認後填入。,https://www.watsons.com.tw/openchat
新樹林店,新北新樹林店;屈臣氏新樹林店;新樹林;新樹林店門市;新樹林店,新北市樹林區中山路一段116號,,每日,,,由 Watsons 官方 Open Chat 門市頁匯入；營業時間需用 Google Sheet、官方門市詳細頁或人工確認後填入。,https://www.watsons.com.tw/openchat
北大二店,新北北大二店;屈臣氏北大二店;北大二;北大二店門市;北大二店,新北市樹林區大雅路279號,,每日,,,由 Watsons 官方 Open Chat 門市頁匯入；營業時間需用 Google Sheet、官方門市詳細頁或人工確認後填入。,https://www.watsons.com.tw/openchat
溪漧店,新北溪漧店;屈臣氏溪漧店;溪漧;溪漧店門市;溪漧店,新北市蘆洲區三民路75號,,每日,,,由 Watsons 官方 Open Chat 門市頁匯入；營業時間需用 Google Sheet、官方門市詳細頁或人工確認後填入。,https://www.watsons.com.tw/openchat
民族店,新北民族店;屈臣氏民族店;民族;民族店門市;民族店,新北市蘆洲區民族路59號,,每日,,,由 Watsons 官方 Open Chat 門市頁匯入；營業時間需用 Google Sheet、官方門市詳細頁或人工確認後填入。,https://www.watsons.com.tw/openchat
鷺江店,新北鷺江店;屈臣氏鷺江店;鷺江;鷺江店門市;鷺江店,新北市蘆洲區復興路132號,,每日,,,由 Watsons 官方 Open Chat 門市頁匯入；營業時間需用 Google Sheet、官方門市詳細頁或人工確認後填入。,https://www.watsons.com.tw/openchat
蘆洲店,新北蘆洲店;屈臣氏蘆洲店;蘆洲;蘆洲店門市;蘆洲店,新北市蘆洲區長安街138號,,每日,,,由 Watsons 官方 Open Chat 門市頁匯入；營業時間需用 Google Sheet、官方門市詳細頁或人工確認後填入。,https://www.watsons.com.tw/openchat
得勝店,新北得勝店;屈臣氏得勝店;得勝;得勝店門市;得勝店,新北市蘆洲區得勝街157號,,每日,,,由 Watsons 官方 Open Chat 門市頁匯入；營業時間需用 Google Sheet、官方門市詳細頁或人工確認後填入。,https://www.watsons.com.tw/openchat
光華店,新北光華店;屈臣氏光華店;光華;光華店門市;光華店,新北市蘆洲區光華路38號,,每日,,,由 Watsons 官方 Open Chat 門市頁匯入；營業時間需用 Google Sheet、官方門市詳細頁或人工確認後填入。,https://www.watsons.com.tw/openchat
長榮店,新北長榮店;屈臣氏長榮店;長榮;長榮店門市;長榮店,新北市蘆洲區長榮路25號,,每日,,,由 Watsons 官方 Open Chat 門市頁匯入；營業時間需用 Google Sheet、官方門市詳細頁或人工確認後填入。,https://www.watsons.com.tw/openchat
鶯歌店,新北鶯歌店;屈臣氏鶯歌店;鶯歌;鶯歌店門市;鶯歌店,新北市鶯歌區建國路158號,,每日,,,由 Watsons 官方 Open Chat 門市頁匯入；營業時間需用 Google Sheet、官方門市詳細頁或人工確認後填入。,https://www.watsons.com.tw/openchat
三重店,新北三重店;屈臣氏三重店;三重;三重店門市;三重店,新北市三重區重新路二段78號,,每日,,,由 Watsons 官方 Open Chat 門市頁匯入；營業時間需用 Google Sheet、官方門市詳細頁或人工確認後填入。,https://www.watsons.com.tw/openchat
中央店,新北中央店;屈臣氏中央店;中央;中央店門市;中央店,新北市三重區中央北路134號,,每日,,,由 Watsons 官方 Open Chat 門市頁匯入；營業時間需用 Google Sheet、官方門市詳細頁或人工確認後填入。,https://www.watsons.com.tw/openchat
樹二店,新北樹二店;屈臣氏樹二店;樹二;樹二店門市;樹二店,新北市樹林區博愛一街9號,,每日,,,由 Watsons 官方 Open Chat 門市頁匯入；營業時間需用 Google Sheet、官方門市詳細頁或人工確認後填入。,https://www.watsons.com.tw/openchat
金城店,新北金城店;屈臣氏金城店;金城;金城店門市;金城店,新北市土城區金城路三段1、3號,,每日,,,由 Watsons 官方 Open Chat 門市頁匯入；營業時間需用 Google Sheet、官方門市詳細頁或人工確認後填入。,https://www.watsons.com.tw/openchat
汐科店,新北汐科店;屈臣氏汐科店;汐科;汐科店門市;汐科店,新北市汐止區新台五路一段93號(iFG遠雄購物中心B1),,每日,,,由 Watsons 官方 Open Chat 門市頁匯入；營業時間需用 Google Sheet、官方門市詳細頁或人工確認後填入。,https://www.watsons.com.tw/openchat
景安店,新北景安店;屈臣氏景安店;景安;景安店門市;景安店,新北市中和區景平路353及355號,,每日,,,由 Watsons 官方 Open Chat 門市頁匯入；營業時間需用 Google Sheet、官方門市詳細頁或人工確認後填入。,https://www.watsons.com.tw/openchat
陽明店,新北陽明店;屈臣氏陽明店;陽明;陽明店門市;陽明店,新北市板橋區文化路一段280號,,每日,,,由 Watsons 官方 Open Chat 門市頁匯入；營業時間需用 Google Sheet、官方門市詳細頁或人工確認後填入。,https://www.watsons.com.tw/openchat
新七張店,新北新七張店;屈臣氏新七張店;新七張;新七張店門市;新七張店,新北市新店區北新路二段79號1-2F,,每日,,,由 Watsons 官方 Open Chat 門市頁匯入；營業時間需用 Google Sheet、官方門市詳細頁或人工確認後填入。,https://www.watsons.com.tw/openchat
八德店,桃園八德店;屈臣氏八德店;八德;八德店門市;八德店,桃園市八德區介壽路一段950號,,每日,,,由 Watsons 官方 Open Chat 門市頁匯入；營業時間需用 Google Sheet、官方門市詳細頁或人工確認後填入。,https://www.watsons.com.tw/openchat
義勇店,桃園義勇店;屈臣氏義勇店;義勇;義勇店門市;義勇店,桃園市八德區義勇街140號,,每日,,,由 Watsons 官方 Open Chat 門市頁匯入；營業時間需用 Google Sheet、官方門市詳細頁或人工確認後填入。,https://www.watsons.com.tw/openchat
介壽店,桃園介壽店;屈臣氏介壽店;介壽;介壽店門市;介壽店,桃園市八德區介壽路二段1068號,,每日,,,由 Watsons 官方 Open Chat 門市頁匯入；營業時間需用 Google Sheet、官方門市詳細頁或人工確認後填入。,https://www.watsons.com.tw/openchat
桃鶯店,桃園桃鶯店;屈臣氏桃鶯店;桃鶯;桃鶯店門市;桃鶯店,桃園市八德區桃鶯路53號,,每日,,,由 Watsons 官方 Open Chat 門市頁匯入；營業時間需用 Google Sheet、官方門市詳細頁或人工確認後填入。,https://www.watsons.com.tw/openchat
大園店,桃園大園店;屈臣氏大園店;大園;大園店門市;大園店,桃園市大園區中正東路12號,,每日,,,由 Watsons 官方 Open Chat 門市頁匯入；營業時間需用 Google Sheet、官方門市詳細頁或人工確認後填入。,https://www.watsons.com.tw/openchat
崎頂店,桃園崎頂店;屈臣氏崎頂店;崎頂;崎頂店門市;崎頂店,桃園市大溪區介壽路848號,,每日,,,由 Watsons 官方 Open Chat 門市頁匯入；營業時間需用 Google Sheet、官方門市詳細頁或人工確認後填入。,https://www.watsons.com.tw/openchat
新大溪店,桃園新大溪店;屈臣氏新大溪店;新大溪;新大溪店門市;新大溪店,桃園市大溪區慈湖路89號,,每日,,,由 Watsons 官方 Open Chat 門市頁匯入；營業時間需用 Google Sheet、官方門市詳細頁或人工確認後填入。,https://www.watsons.com.tw/openchat
內壢店,桃園內壢店;屈臣氏內壢店;內壢;內壢店門市;內壢店,桃園市中壢區中華路一段209號,,每日,,,由 Watsons 官方 Open Chat 門市頁匯入；營業時間需用 Google Sheet、官方門市詳細頁或人工確認後填入。,https://www.watsons.com.tw/openchat
龍岡店,桃園龍岡店;屈臣氏龍岡店;龍岡;龍岡店門市;龍岡店,桃園市中壢區龍東路219號,,每日,,,由 Watsons 官方 Open Chat 門市頁匯入；營業時間需用 Google Sheet、官方門市詳細頁或人工確認後填入。,https://www.watsons.com.tw/openchat
環東店,桃園環東店;屈臣氏環東店;環東;環東店門市;環東店,桃園市中壢區環中東路216號,,每日,,,由 Watsons 官方 Open Chat 門市頁匯入；營業時間需用 Google Sheet、官方門市詳細頁或人工確認後填入。,https://www.watsons.com.tw/openchat
壢春店,桃園壢春店;屈臣氏壢春店;壢春;壢春店門市;壢春店,桃園市中壢區長春路1號,,每日,,,由 Watsons 官方 Open Chat 門市頁匯入；營業時間需用 Google Sheet、官方門市詳細頁或人工確認後填入。,https://www.watsons.com.tw/openchat
龍昌店,桃園龍昌店;屈臣氏龍昌店;龍昌;龍昌店門市;龍昌店,桃園市中壢區龍昌路180巷2號,,每日,,,由 Watsons 官方 Open Chat 門市頁匯入；營業時間需用 Google Sheet、官方門市詳細頁或人工確認後填入。,https://www.watsons.com.tw/openchat
中原二店,桃園中原二店;屈臣氏中原二店;中原二;中原二店門市;中原二店,桃園市中壢區中山東路二段26號,,每日,,,由 Watsons 官方 Open Chat 門市頁匯入；營業時間需用 Google Sheet、官方門市詳細頁或人工確認後填入。,https://www.watsons.com.tw/openchat
海華店,桃園海華店;屈臣氏海華店;海華;海華店門市;海華店,桃園市中壢區慈惠三街156號,,每日,,,由 Watsons 官方 Open Chat 門市頁匯入；營業時間需用 Google Sheet、官方門市詳細頁或人工確認後填入。,https://www.watsons.com.tw/openchat
健行店,桃園健行店;屈臣氏健行店;健行;健行店門市;健行店,桃園市中壢區健行路200號,,每日,,,由 Watsons 官方 Open Chat 門市頁匯入；營業時間需用 Google Sheet、官方門市詳細頁或人工確認後填入。,https://www.watsons.com.tw/openchat
福州店,桃園福州店;屈臣氏福州店;福州;福州店門市;福州店,桃園市中壢區福州一街250號,,每日,,,由 Watsons 官方 Open Chat 門市頁匯入；營業時間需用 Google Sheet、官方門市詳細頁或人工確認後填入。,https://www.watsons.com.tw/openchat
新明店,桃園新明店;屈臣氏新明店;新明;新明店門市;新明店,桃園市中壢區新明路41號,,每日,,,由 Watsons 官方 Open Chat 門市頁匯入；營業時間需用 Google Sheet、官方門市詳細頁或人工確認後填入。,https://www.watsons.com.tw/openchat
平鎮店,桃園平鎮店;屈臣氏平鎮店;平鎮;平鎮店門市;平鎮店,桃園市平鎮區南豐路28-3號,,每日,,,由 Watsons 官方 Open Chat 門市頁匯入；營業時間需用 Google Sheet、官方門市詳細頁或人工確認後填入。,https://www.watsons.com.tw/openchat
平鎮二店,桃園平鎮二店;屈臣氏平鎮二店;平鎮二;平鎮二店門市;平鎮二店,桃園市平鎮區文化街82號,,每日,,,由 Watsons 官方 Open Chat 門市頁匯入；營業時間需用 Google Sheet、官方門市詳細頁或人工確認後填入。,https://www.watsons.com.tw/openchat
平和店,桃園平和店;屈臣氏平和店;平和;平和店門市;平和店,桃園市平鎮區和平路172號,,每日,,,由 Watsons 官方 Open Chat 門市頁匯入；營業時間需用 Google Sheet、官方門市詳細頁或人工確認後填入。,https://www.watsons.com.tw/openchat
縣府店,桃園縣府店;屈臣氏縣府店;縣府;縣府店門市;縣府店,桃園市桃園區縣府路314號,,每日,,,由 Watsons 官方 Open Chat 門市頁匯入；營業時間需用 Google Sheet、官方門市詳細頁或人工確認後填入。,https://www.watsons.com.tw/openchat
南門店,桃園南門店;屈臣氏南門店;南門;南門店門市;南門店,桃園市桃園區南華街107號,,每日,,,由 Watsons 官方 Open Chat 門市頁匯入；營業時間需用 Google Sheet、官方門市詳細頁或人工確認後填入。,https://www.watsons.com.tw/openchat
中山東店,桃園中山東店;屈臣氏中山東店;中山東;中山東店門市;中山東店,桃園市桃園區中山東路32-4號,,每日,,,由 Watsons 官方 Open Chat 門市頁匯入；營業時間需用 Google Sheet、官方門市詳細頁或人工確認後填入。,https://www.watsons.com.tw/openchat
北埔店,桃園北埔店;屈臣氏北埔店;北埔;北埔店門市;北埔店,桃園市桃園區中正路513號,,每日,,,由 Watsons 官方 Open Chat 門市頁匯入；營業時間需用 Google Sheet、官方門市詳細頁或人工確認後填入。,https://www.watsons.com.tw/openchat
桃中店,桃園桃中店;屈臣氏桃中店;桃中;桃中店門市;桃中店,桃園市桃園區中平路84號,,每日,,,由 Watsons 官方 Open Chat 門市頁匯入；營業時間需用 Google Sheet、官方門市詳細頁或人工確認後填入。,https://www.watsons.com.tw/openchat
新龍安店,桃園新龍安店;屈臣氏新龍安店;新龍安;新龍安店門市;新龍安店,桃園市桃園區龍安街140號,,每日,,,由 Watsons 官方 Open Chat 門市頁匯入；營業時間需用 Google Sheet、官方門市詳細頁或人工確認後填入。,https://www.watsons.com.tw/openchat
桃鶯二店,桃園桃鶯二店;屈臣氏桃鶯二店;桃鶯二;桃鶯二店門市;桃鶯二店,桃園市桃園區桃鶯路253號,,每日,,,由 Watsons 官方 Open Chat 門市頁匯入；營業時間需用 Google Sheet、官方門市詳細頁或人工確認後填入。,https://www.watsons.com.tw/openchat
寶山店,桃園寶山店;屈臣氏寶山店;寶山;寶山店門市;寶山店,桃園市桃園區寶山街273號,,每日,,,由 Watsons 官方 Open Chat 門市頁匯入；營業時間需用 Google Sheet、官方門市詳細頁或人工確認後填入。,https://www.watsons.com.tw/openchat
新大有店,桃園新大有店;屈臣氏新大有店;新大有;新大有店門市;新大有店,桃園市桃園區大有路511號,,每日,,,由 Watsons 官方 Open Chat 門市頁匯入；營業時間需用 Google Sheet、官方門市詳細頁或人工確認後填入。,https://www.watsons.com.tw/openchat
大興西店,桃園大興西店;屈臣氏大興西店;大興西;大興西店門市;大興西店,桃園市桃園區大興西路二段39號,,每日,,,由 Watsons 官方 Open Chat 門市頁匯入；營業時間需用 Google Sheet、官方門市詳細頁或人工確認後填入。,https://www.watsons.com.tw/openchat
新屋店,桃園新屋店;屈臣氏新屋店;新屋;新屋店門市;新屋店,桃園市新屋區中山路235號,,每日,,,由 Watsons 官方 Open Chat 門市頁匯入；營業時間需用 Google Sheet、官方門市詳細頁或人工確認後填入。,https://www.watsons.com.tw/openchat
楊梅店,桃園楊梅店;屈臣氏楊梅店;楊梅;楊梅店門市;楊梅店,桃園市楊梅區大成路109號,,每日,,,由 Watsons 官方 Open Chat 門市頁匯入；營業時間需用 Google Sheet、官方門市詳細頁或人工確認後填入。,https://www.watsons.com.tw/openchat
埔心店,桃園埔心店;屈臣氏埔心店;埔心;埔心店門市;埔心店,桃園市楊梅區中興路34號,,每日,,,由 Watsons 官方 Open Chat 門市頁匯入；營業時間需用 Google Sheet、官方門市詳細頁或人工確認後填入。,https://www.watsons.com.tw/openchat
龍興店,桃園龍興店;屈臣氏龍興店;龍興;龍興店門市;龍興店,桃園市龍潭區中興路279號,,每日,,,由 Watsons 官方 Open Chat 門市頁匯入；營業時間需用 Google Sheet、官方門市詳細頁或人工確認後填入。,https://www.watsons.com.tw/openchat
龍華店,桃園龍華店;屈臣氏龍華店;龍華;龍華店門市;龍華店,桃園市龜山區萬壽路一段298號,,每日,,,由 Watsons 官方 Open Chat 門市頁匯入；營業時間需用 Google Sheet、官方門市詳細頁或人工確認後填入。,https://www.watsons.com.tw/openchat
龜山店,桃園龜山店;屈臣氏龜山店;龜山;龜山店門市;龜山店,桃園市龜山區中興路431-2號,,每日,,,由 Watsons 官方 Open Chat 門市頁匯入；營業時間需用 Google Sheet、官方門市詳細頁或人工確認後填入。,https://www.watsons.com.tw/openchat
長庚大學店,桃園長庚大學店;屈臣氏長庚大學店;長庚大學;長庚大學店門市;長庚大學店,桃園市龜山區文化一路259號,,每日,,,由 Watsons 官方 Open Chat 門市頁匯入；營業時間需用 Google Sheet、官方門市詳細頁或人工確認後填入。,https://www.watsons.com.tw/openchat
奉化店,桃園奉化店;屈臣氏奉化店;奉化;奉化店門市;奉化店,桃園市蘆竹區奉化路75號,,每日,,,由 Watsons 官方 Open Chat 門市頁匯入；營業時間需用 Google Sheet、官方門市詳細頁或人工確認後填入。,https://www.watsons.com.tw/openchat
大竹店,桃園大竹店;屈臣氏大竹店;大竹;大竹店門市;大竹店,桃園市蘆竹區大竹路515號,,每日,,,由 Watsons 官方 Open Chat 門市頁匯入；營業時間需用 Google Sheet、官方門市詳細頁或人工確認後填入。,https://www.watsons.com.tw/openchat
南昌店,桃園南昌店;屈臣氏南昌店;南昌;南昌店門市;南昌店,桃園市蘆竹區南昌路242號,,每日,,,由 Watsons 官方 Open Chat 門市頁匯入；營業時間需用 Google Sheet、官方門市詳細頁或人工確認後填入。,https://www.watsons.com.tw/openchat
南崁店,桃園南崁店;屈臣氏南崁店;南崁;南崁店門市;南崁店,桃園市蘆竹區南崁路200號,,每日,,,由 Watsons 官方 Open Chat 門市頁匯入；營業時間需用 Google Sheet、官方門市詳細頁或人工確認後填入。,https://www.watsons.com.tw/openchat
南竹店,桃園南竹店;屈臣氏南竹店;南竹;南竹店門市;南竹店,桃園市蘆竹區南竹路一段60號,,每日,,,由 Watsons 官方 Open Chat 門市頁匯入；營業時間需用 Google Sheet、官方門市詳細頁或人工確認後填入。,https://www.watsons.com.tw/openchat
蘆中店,桃園蘆中店;屈臣氏蘆中店;蘆中;蘆中店門市;蘆中店,桃園市蘆竹區中山路59號,,每日,,,由 Watsons 官方 Open Chat 門市頁匯入；營業時間需用 Google Sheet、官方門市詳細頁或人工確認後填入。,https://www.watsons.com.tw/openchat
觀音店,桃園觀音店;屈臣氏觀音店;觀音;觀音店門市;觀音店,桃園市觀音區大觀路二段163號,,每日,,,由 Watsons 官方 Open Chat 門市頁匯入；營業時間需用 Google Sheet、官方門市詳細頁或人工確認後填入。,https://www.watsons.com.tw/openchat
新台茂店,桃園新台茂店;屈臣氏新台茂店;新台茂;新台茂店門市;新台茂店,桃園市蘆竹區南崁路一段112號5F,,每日,,,由 Watsons 官方 Open Chat 門市頁匯入；營業時間需用 Google Sheet、官方門市詳細頁或人工確認後填入。,https://www.watsons.com.tw/openchat
龍潭店,桃園龍潭店;屈臣氏龍潭店;龍潭;龍潭店門市;龍潭店,桃園市龍潭區中正路110號,,每日,,,由 Watsons 官方 Open Chat 門市頁匯入；營業時間需用 Google Sheet、官方門市詳細頁或人工確認後填入。,https://www.watsons.com.tw/openchat
桃園店,桃園桃園店;屈臣氏桃園店;桃園;桃園店門市;桃園店,桃園市桃園區中正路146號,,每日,,,由 Watsons 官方 Open Chat 門市頁匯入；營業時間需用 Google Sheet、官方門市詳細頁或人工確認後填入。,https://www.watsons.com.tw/openchat
新中正店,桃園新中正店;屈臣氏新中正店;新中正;新中正店門市;新中正店,桃園市桃園區中正路56號,,每日,,,由 Watsons 官方 Open Chat 門市頁匯入；營業時間需用 Google Sheet、官方門市詳細頁或人工確認後填入。,https://www.watsons.com.tw/openchat
中原店,桃園中原店;屈臣氏中原店;中原;中原店門市;中原店,桃園市中壢區日新路82號,,每日,,,由 Watsons 官方 Open Chat 門市頁匯入；營業時間需用 Google Sheet、官方門市詳細頁或人工確認後填入。,https://www.watsons.com.tw/openchat
中三店,桃園中三店;屈臣氏中三店;中三;中三店門市;中三店,桃園市中壢區新生路40號,,每日,,,由 Watsons 官方 Open Chat 門市頁匯入；營業時間需用 Google Sheet、官方門市詳細頁或人工確認後填入。,https://www.watsons.com.tw/openchat
來來店,桃園來來店;屈臣氏來來店;來來;來來店門市;來來店,桃園市中壢區中山路118號,,每日,,,由 Watsons 官方 Open Chat 門市頁匯入；營業時間需用 Google Sheet、官方門市詳細頁或人工確認後填入。,https://www.watsons.com.tw/openchat
壢運店,桃園壢運店;屈臣氏壢運店;壢運;壢運店門市;壢運店,桃園市中壢區中正路99號,,每日,,,由 Watsons 官方 Open Chat 門市頁匯入；營業時間需用 Google Sheet、官方門市詳細頁或人工確認後填入。,https://www.watsons.com.tw/openchat
壢新店,桃園壢新店;屈臣氏壢新店;壢新;壢新店門市;壢新店,桃園市中壢區新生路182號,,每日,,,由 Watsons 官方 Open Chat 門市頁匯入；營業時間需用 Google Sheet、官方門市詳細頁或人工確認後填入。,https://www.watsons.com.tw/openchat
長庚店,桃園長庚店;屈臣氏長庚店;長庚;長庚店門市;長庚店,桃園市龜山區復興一路80號,,每日,,,由 Watsons 官方 Open Chat 門市頁匯入；營業時間需用 Google Sheet、官方門市詳細頁或人工確認後填入。,https://www.watsons.com.tw/openchat
新藝文店,桃園新藝文店;屈臣氏新藝文店;新藝文;新藝文店門市;新藝文店,桃園市桃園區南平路332號,,每日,,,由 Watsons 官方 Open Chat 門市頁匯入；營業時間需用 Google Sheet、官方門市詳細頁或人工確認後填入。,https://www.watsons.com.tw/openchat
市關新店,新竹市關新店;屈臣氏市關新店;市關新;市關新店門市;市關新店,新竹市香山區經國路三段31號,,每日,,,由 Watsons 官方 Open Chat 門市頁匯入；營業時間需用 Google Sheet、官方門市詳細頁或人工確認後填入。,https://www.watsons.com.tw/openchat
市香山店,新竹市香山店;屈臣氏市香山店;市香山;市香山店門市;市香山店,新竹市香山區經國路三段31號,,每日,,,由 Watsons 官方 Open Chat 門市頁匯入；營業時間需用 Google Sheet、官方門市詳細頁或人工確認後填入。,https://www.watsons.com.tw/openchat
縣中正西店,新竹縣中正西店;屈臣氏縣中正西店;縣中正西;縣中正西店門市;縣中正西店,新竹縣竹北市中正西路19號,,每日,,,由 Watsons 官方 Open Chat 門市頁匯入；營業時間需用 Google Sheet、官方門市詳細頁或人工確認後填入。,https://www.watsons.com.tw/openchat
縣竹勝店,新竹縣竹勝店;屈臣氏縣竹勝店;縣竹勝;縣竹勝店門市;縣竹勝店,新竹縣竹北市勝利二路38號,,每日,,,由 Watsons 官方 Open Chat 門市頁匯入；營業時間需用 Google Sheet、官方門市詳細頁或人工確認後填入。,https://www.watsons.com.tw/openchat
縣新竹北店,新竹縣新竹北店;屈臣氏縣新竹北店;縣新竹北;縣新竹北店門市;縣新竹北店,新竹縣竹北市博愛街359號,,每日,,,由 Watsons 官方 Open Chat 門市頁匯入；營業時間需用 Google Sheet、官方門市詳細頁或人工確認後填入。,https://www.watsons.com.tw/openchat
縣縣政店,新竹縣縣政店;屈臣氏縣縣政店;縣縣政;縣縣政店門市;縣縣政店,新竹縣竹北市光明六路89號,,每日,,,由 Watsons 官方 Open Chat 門市頁匯入；營業時間需用 Google Sheet、官方門市詳細頁或人工確認後填入。,https://www.watsons.com.tw/openchat
縣竹東店,新竹縣竹東店;屈臣氏縣竹東店;縣竹東;縣竹東店門市;縣竹東店,新竹縣竹東鎮東寧路三段103號,,每日,,,由 Watsons 官方 Open Chat 門市頁匯入；營業時間需用 Google Sheet、官方門市詳細頁或人工確認後填入。,https://www.watsons.com.tw/openchat
縣湖口店,新竹縣湖口店;屈臣氏縣湖口店;縣湖口;縣湖口店門市;縣湖口店,新竹縣湖口鄉中正路一段19號,,每日,,,由 Watsons 官方 Open Chat 門市頁匯入；營業時間需用 Google Sheet、官方門市詳細頁或人工確認後填入。,https://www.watsons.com.tw/openchat
縣湖中店,新竹縣湖中店;屈臣氏縣湖中店;縣湖中;縣湖中店門市;縣湖中店,新竹縣湖口鄉中華路108號,,每日,,,由 Watsons 官方 Open Chat 門市頁匯入；營業時間需用 Google Sheet、官方門市詳細頁或人工確認後填入。,https://www.watsons.com.tw/openchat
縣新新埔店,新竹縣新新埔店;屈臣氏縣新新埔店;縣新新埔;縣新新埔店門市;縣新新埔店,新竹縣新埔鎮中正路217號,,每日,,,由 Watsons 官方 Open Chat 門市頁匯入；營業時間需用 Google Sheet、官方門市詳細頁或人工確認後填入。,https://www.watsons.com.tw/openchat
縣新豐店,新竹縣新豐店;屈臣氏縣新豐店;縣新豐;縣新豐店門市;縣新豐店,新竹縣新豐鄉建興路一段19號,,每日,,,由 Watsons 官方 Open Chat 門市頁匯入；營業時間需用 Google Sheet、官方門市詳細頁或人工確認後填入。,https://www.watsons.com.tw/openchat
縣關西店,新竹縣關西店;屈臣氏縣關西店;縣關西;縣關西店門市;縣關西店,新竹縣關西鎮中興路14號,,每日,,,由 Watsons 官方 Open Chat 門市頁匯入；營業時間需用 Google Sheet、官方門市詳細頁或人工確認後填入。,https://www.watsons.com.tw/openchat
公館店,苗栗公館店;屈臣氏公館店;公館;公館店門市;公館店,苗栗縣公館鄉大同路154號,,每日,,,由 Watsons 官方 Open Chat 門市頁匯入；營業時間需用 Google Sheet、官方門市詳細頁或人工確認後填入。,https://www.watsons.com.tw/openchat
竹南店,苗栗竹南店;屈臣氏竹南店;竹南;竹南店門市;竹南店,苗栗縣竹南鎮博愛街73號,,每日,,,由 Watsons 官方 Open Chat 門市頁匯入；營業時間需用 Google Sheet、官方門市詳細頁或人工確認後填入。,https://www.watsons.com.tw/openchat
卓蘭店,苗栗卓蘭店;屈臣氏卓蘭店;卓蘭;卓蘭店門市;卓蘭店,苗栗縣卓蘭鎮中正路101號,,每日,,,由 Watsons 官方 Open Chat 門市頁匯入；營業時間需用 Google Sheet、官方門市詳細頁或人工確認後填入。,https://www.watsons.com.tw/openchat
後龍店,苗栗後龍店;屈臣氏後龍店;後龍;後龍店門市;後龍店,苗栗縣後龍鎮中北街70-3號,,每日,,,由 Watsons 官方 Open Chat 門市頁匯入；營業時間需用 Google Sheet、官方門市詳細頁或人工確認後填入。,https://www.watsons.com.tw/openchat
新苑裡店,苗栗新苑裡店;屈臣氏新苑裡店;新苑裡;新苑裡店門市;新苑裡店,苗栗縣苑裡鎮中山路123號,,每日,,,由 Watsons 官方 Open Chat 門市頁匯入；營業時間需用 Google Sheet、官方門市詳細頁或人工確認後填入。,https://www.watsons.com.tw/openchat
苗栗店,苗栗苗栗店;屈臣氏苗栗店;苗栗;苗栗店門市;苗栗店,苗栗縣苗栗市光復路45巷1號,,每日,,,由 Watsons 官方 Open Chat 門市頁匯入；營業時間需用 Google Sheet、官方門市詳細頁或人工確認後填入。,https://www.watsons.com.tw/openchat
苗農店,苗栗苗農店;屈臣氏苗農店;苗農;苗農店門市;苗農店,苗栗縣苗栗市中正路336號,,每日,,,由 Watsons 官方 Open Chat 門市頁匯入；營業時間需用 Google Sheet、官方門市詳細頁或人工確認後填入。,https://www.watsons.com.tw/openchat
通霄店,苗栗通霄店;屈臣氏通霄店;通霄;通霄店門市;通霄店,苗栗縣通霄鎮中正路82號,,每日,,,由 Watsons 官方 Open Chat 門市頁匯入；營業時間需用 Google Sheet、官方門市詳細頁或人工確認後填入。,https://www.watsons.com.tw/openchat
銅鑼店,苗栗銅鑼店;屈臣氏銅鑼店;銅鑼;銅鑼店門市;銅鑼店,苗栗縣銅鑼鄉中正路120號,,每日,,,由 Watsons 官方 Open Chat 門市頁匯入；營業時間需用 Google Sheet、官方門市詳細頁或人工確認後填入。,https://www.watsons.com.tw/openchat
頭份店,苗栗頭份店;屈臣氏頭份店;頭份;頭份店門市;頭份店,苗栗縣頭份市中正路159號,,每日,,,由 Watsons 官方 Open Chat 門市頁匯入；營業時間需用 Google Sheet、官方門市詳細頁或人工確認後填入。,https://www.watsons.com.tw/openchat
大甲店,台中大甲店;屈臣氏大甲店;大甲;大甲店門市;大甲店,台中市大甲區蔣公路7號,,每日,,,由 Watsons 官方 Open Chat 門市頁匯入；營業時間需用 Google Sheet、官方門市詳細頁或人工確認後填入。,https://www.watsons.com.tw/openchat
大肚店,台中大肚店;屈臣氏大肚店;大肚;大肚店門市;大肚店,台中市大肚區沙田路二段753號,,每日,,,由 Watsons 官方 Open Chat 門市頁匯入；營業時間需用 Google Sheet、官方門市詳細頁或人工確認後填入。,https://www.watsons.com.tw/openchat
大里店,台中大里店;屈臣氏大里店;大里;大里店門市;大里店,台中市大里區中興路二段470號,,每日,,,由 Watsons 官方 Open Chat 門市頁匯入；營業時間需用 Google Sheet、官方門市詳細頁或人工確認後填入。,https://www.watsons.com.tw/openchat
仁化店,台中仁化店;屈臣氏仁化店;仁化;仁化店門市;仁化店,台中市大里區仁化路563號,,每日,,,由 Watsons 官方 Open Chat 門市頁匯入；營業時間需用 Google Sheet、官方門市詳細頁或人工確認後填入。,https://www.watsons.com.tw/openchat
新塗城店,台中新塗城店;屈臣氏新塗城店;新塗城;新塗城店門市;新塗城店,台中市大里區成功路536號,,每日,,,由 Watsons 官方 Open Chat 門市頁匯入；營業時間需用 Google Sheet、官方門市詳細頁或人工確認後填入。,https://www.watsons.com.tw/openchat
國光店,台中國光店;屈臣氏國光店;國光;國光店門市;國光店,台中市大里區國光路二段702號,,每日,,,由 Watsons 官方 Open Chat 門市頁匯入；營業時間需用 Google Sheet、官方門市詳細頁或人工確認後填入。,https://www.watsons.com.tw/openchat
大雅店,台中大雅店;屈臣氏大雅店;大雅;大雅店門市;大雅店,台中市大雅區中清東路197號,,每日,,,由 Watsons 官方 Open Chat 門市頁匯入；營業時間需用 Google Sheet、官方門市詳細頁或人工確認後填入。,https://www.watsons.com.tw/openchat
中站店,台中中站店;屈臣氏中站店;中站;中站店門市;中站店,台中市太平區中山路三段121號,,每日,,,由 Watsons 官方 Open Chat 門市頁匯入；營業時間需用 Google Sheet、官方門市詳細頁或人工確認後填入。,https://www.watsons.com.tw/openchat
新平店,台中新平店;屈臣氏新平店;新平;新平店門市;新平店,台中市太平區中山路三段121號,,每日,,,由 Watsons 官方 Open Chat 門市頁匯入；營業時間需用 Google Sheet、官方門市詳細頁或人工確認後填入。,https://www.watsons.com.tw/openchat
勤益店,台中勤益店;屈臣氏勤益店;勤益;勤益店門市;勤益店,台中市太平區中山路一段215巷1號,,每日,,,由 Watsons 官方 Open Chat 門市頁匯入；營業時間需用 Google Sheet、官方門市詳細頁或人工確認後填入。,https://www.watsons.com.tw/openchat
太平店,台中太平店;屈臣氏太平店;太平;太平店門市;太平店,台中市太平區太平路472-1號,,每日,,,由 Watsons 官方 Open Chat 門市頁匯入；營業時間需用 Google Sheet、官方門市詳細頁或人工確認後填入。,https://www.watsons.com.tw/openchat
太平二店,台中太平二店;屈臣氏太平二店;太平二;太平二店門市;太平二店,台中市太平區中興路121號,,每日,,,由 Watsons 官方 Open Chat 門市頁匯入；營業時間需用 Google Sheet、官方門市詳細頁或人工確認後填入。,https://www.watsons.com.tw/openchat
崇德店,台中崇德店;屈臣氏崇德店;崇德;崇德店門市;崇德店,台中市北屯區崇德路二段65號,,每日,,,由 Watsons 官方 Open Chat 門市頁匯入；營業時間需用 Google Sheet、官方門市詳細頁或人工確認後填入。,https://www.watsons.com.tw/openchat
水湳店,台中水湳店;屈臣氏水湳店;水湳;水湳店門市;水湳店,台中市北屯區中清路二段216號,,每日,,,由 Watsons 官方 Open Chat 門市頁匯入；營業時間需用 Google Sheet、官方門市詳細頁或人工確認後填入。,https://www.watsons.com.tw/openchat
昌平店,台中昌平店;屈臣氏昌平店;昌平;昌平店門市;昌平店,台中市北屯區昌平路一段157號,,每日,,,由 Watsons 官方 Open Chat 門市頁匯入；營業時間需用 Google Sheet、官方門市詳細頁或人工確認後填入。,https://www.watsons.com.tw/openchat
東山店,台中東山店;屈臣氏東山店;東山;東山店門市;東山店,台中市北屯區東山路一段250號,,每日,,,由 Watsons 官方 Open Chat 門市頁匯入；營業時間需用 Google Sheet、官方門市詳細頁或人工確認後填入。,https://www.watsons.com.tw/openchat
崇德二店,台中崇德二店;屈臣氏崇德二店;崇德二;崇德二店門市;崇德二店,台中市北屯區崇德二路一段97號,,每日,,,由 Watsons 官方 Open Chat 門市頁匯入；營業時間需用 Google Sheet、官方門市詳細頁或人工確認後填入。,https://www.watsons.com.tw/openchat
學士店,台中學士店;屈臣氏學士店;學士;學士店門市;學士店,台中市后里區甲后路一段447號,,每日,,,由 Watsons 官方 Open Chat 門市頁匯入；營業時間需用 Google Sheet、官方門市詳細頁或人工確認後填入。,https://www.watsons.com.tw/openchat
后里店,台中后里店;屈臣氏后里店;后里;后里店門市;后里店,台中市后里區甲后路一段447號,,每日,,,由 Watsons 官方 Open Chat 門市頁匯入；營業時間需用 Google Sheet、官方門市詳細頁或人工確認後填入。,https://www.watsons.com.tw/openchat
逢甲店,台中逢甲店;屈臣氏逢甲店;逢甲;逢甲店門市;逢甲店,台中市西屯區福星路427號,,每日,,,由 Watsons 官方 Open Chat 門市頁匯入；營業時間需用 Google Sheet、官方門市詳細頁或人工確認後填入。,https://www.watsons.com.tw/openchat
文華店,台中文華店;屈臣氏文華店;文華;文華店門市;文華店,台中市西屯區西屯路二段269-50號,,每日,,,由 Watsons 官方 Open Chat 門市頁匯入；營業時間需用 Google Sheet、官方門市詳細頁或人工確認後填入。,https://www.watsons.com.tw/openchat
特易發店,台中特易發店;屈臣氏特易發店;特易發;特易發店門市;特易發店,台中市西屯區青海路二段207-18號B1,,每日,,,由 Watsons 官方 Open Chat 門市頁匯入；營業時間需用 Google Sheet、官方門市詳細頁或人工確認後填入。,https://www.watsons.com.tw/openchat
青海店,台中青海店;屈臣氏青海店;青海;青海店門市;青海店,台中市西屯區青海路一段174號,,每日,,,由 Watsons 官方 Open Chat 門市頁匯入；營業時間需用 Google Sheet、官方門市詳細頁或人工確認後填入。,https://www.watsons.com.tw/openchat
福星店,台中福星店;屈臣氏福星店;福星;福星店門市;福星店,台中市西屯區福星北路5號,,每日,,,由 Watsons 官方 Open Chat 門市頁匯入；營業時間需用 Google Sheet、官方門市詳細頁或人工確認後填入。,https://www.watsons.com.tw/openchat
永福店,台中永福店;屈臣氏永福店;永福;永福店門市;永福店,台中市西屯區永福路137號,,每日,,,由 Watsons 官方 Open Chat 門市頁匯入；營業時間需用 Google Sheet、官方門市詳細頁或人工確認後填入。,https://www.watsons.com.tw/openchat
中工店,台中中工店;屈臣氏中工店;中工;中工店門市;中工店,台中市西屯區中工三路162號,,每日,,,由 Watsons 官方 Open Chat 門市頁匯入；營業時間需用 Google Sheet、官方門市詳細頁或人工確認後填入。,https://www.watsons.com.tw/openchat
西屯店,台中西屯店;屈臣氏西屯店;西屯;西屯店門市;西屯店,台中市西屯區西屯路二段16-1號,,每日,,,由 Watsons 官方 Open Chat 門市頁匯入；營業時間需用 Google Sheet、官方門市詳細頁或人工確認後填入。,https://www.watsons.com.tw/openchat
精誠二店,台中精誠二店;屈臣氏精誠二店;精誠二;精誠二店門市;精誠二店,台中市西屯區精誠路18號,,每日,,,由 Watsons 官方 Open Chat 門市頁匯入；營業時間需用 Google Sheet、官方門市詳細頁或人工確認後填入。,https://www.watsons.com.tw/openchat
美村二店,台中美村二店;屈臣氏美村二店;美村二;美村二店門市;美村二店,台中市沙鹿區中山路246號,,每日,,,由 Watsons 官方 Open Chat 門市頁匯入；營業時間需用 Google Sheet、官方門市詳細頁或人工確認後填入。,https://www.watsons.com.tw/openchat
沙鹿店,台中沙鹿店;屈臣氏沙鹿店;沙鹿;沙鹿店門市;沙鹿店,台中市沙鹿區中山路246號,,每日,,,由 Watsons 官方 Open Chat 門市頁匯入；營業時間需用 Google Sheet、官方門市詳細頁或人工確認後填入。,https://www.watsons.com.tw/openchat
沙田店,台中沙田店;屈臣氏沙田店;沙田;沙田店門市;沙田店,台中市沙鹿區中正街55號,,每日,,,由 Watsons 官方 Open Chat 門市頁匯入；營業時間需用 Google Sheet、官方門市詳細頁或人工確認後填入。,https://www.watsons.com.tw/openchat
靜宜店,台中靜宜店;屈臣氏靜宜店;靜宜;靜宜店門市;靜宜店,台中市沙鹿區台灣大道七段259號,,每日,,,由 Watsons 官方 Open Chat 門市頁匯入；營業時間需用 Google Sheet、官方門市詳細頁或人工確認後填入。,https://www.watsons.com.tw/openchat
復站店,台中復站店;屈臣氏復站店;復站;復站店門市;復站店,台中市東勢區豐勢路264號,,每日,,,由 Watsons 官方 Open Chat 門市頁匯入；營業時間需用 Google Sheet、官方門市詳細頁或人工確認後填入。,https://www.watsons.com.tw/openchat
東勢店,台中東勢店;屈臣氏東勢店;東勢;東勢店門市;東勢店,台中市東勢區豐勢路264號,,每日,,,由 Watsons 官方 Open Chat 門市頁匯入；營業時間需用 Google Sheet、官方門市詳細頁或人工確認後填入。,https://www.watsons.com.tw/openchat
黎明店,台中黎明店;屈臣氏黎明店;黎明;黎明店門市;黎明店,台中市南屯區黎明路二段417號,,每日,,,由 Watsons 官方 Open Chat 門市頁匯入；營業時間需用 Google Sheet、官方門市詳細頁或人工確認後填入。,https://www.watsons.com.tw/openchat
新大墩店,台中新大墩店;屈臣氏新大墩店;新大墩;新大墩店門市;新大墩店,台中市南屯區大墩路556號,,每日,,,由 Watsons 官方 Open Chat 門市頁匯入；營業時間需用 Google Sheet、官方門市詳細頁或人工確認後填入。,https://www.watsons.com.tw/openchat
嶺東店,台中嶺東店;屈臣氏嶺東店;嶺東;嶺東店門市;嶺東店,台中市南屯區永春南路52號,,每日,,,由 Watsons 官方 Open Chat 門市頁匯入；營業時間需用 Google Sheet、官方門市詳細頁或人工確認後填入。,https://www.watsons.com.tw/openchat
河南店,台中河南店;屈臣氏河南店;河南;河南店門市;河南店,台中市南屯區河南路四段502號,,每日,,,由 Watsons 官方 Open Chat 門市頁匯入；營業時間需用 Google Sheet、官方門市詳細頁或人工確認後填入。,https://www.watsons.com.tw/openchat
南屯店,台中南屯店;屈臣氏南屯店;南屯;南屯店門市;南屯店,台中市南屯區南屯路二段391號,,每日,,,由 Watsons 官方 Open Chat 門市頁匯入；營業時間需用 Google Sheet、官方門市詳細頁或人工確認後填入。,https://www.watsons.com.tw/openchat
黎新店,台中黎新店;屈臣氏黎新店;黎新;黎新店門市;黎新店,台中市南屯區黎明路一段1010號,,每日,,,由 Watsons 官方 Open Chat 門市頁匯入；營業時間需用 Google Sheet、官方門市詳細頁或人工確認後填入。,https://www.watsons.com.tw/openchat
楓樹店,台中楓樹店;屈臣氏楓樹店;楓樹;楓樹店門市;楓樹店,台中市南屯區黎明路一段153號,,每日,,,由 Watsons 官方 Open Chat 門市頁匯入；營業時間需用 Google Sheet、官方門市詳細頁或人工確認後填入。,https://www.watsons.com.tw/openchat
忠明店,台中忠明店;屈臣氏忠明店;忠明;忠明店門市;忠明店,台中市烏日區興祥街46號,,每日,,,由 Watsons 官方 Open Chat 門市頁匯入；營業時間需用 Google Sheet、官方門市詳細頁或人工確認後填入。,https://www.watsons.com.tw/openchat
烏日店,台中烏日店;屈臣氏烏日店;烏日;烏日店門市;烏日店,台中市烏日區興祥街46號,,每日,,,由 Watsons 官方 Open Chat 門市頁匯入；營業時間需用 Google Sheet、官方門市詳細頁或人工確認後填入。,https://www.watsons.com.tw/openchat
梧棲店,台中梧棲店;屈臣氏梧棲店;梧棲;梧棲店門市;梧棲店,台中市梧棲區文化路二段202號,,每日,,,由 Watsons 官方 Open Chat 門市頁匯入；營業時間需用 Google Sheet、官方門市詳細頁或人工確認後填入。,https://www.watsons.com.tw/openchat
清水店,台中清水店;屈臣氏清水店;清水;清水店門市;清水店,台中市清水區中山路126-7號,,每日,,,由 Watsons 官方 Open Chat 門市頁匯入；營業時間需用 Google Sheet、官方門市詳細頁或人工確認後填入。,https://www.watsons.com.tw/openchat
潭子店,台中潭子店;屈臣氏潭子店;潭子;潭子店門市;潭子店,台中市潭子區勝利路213號,,每日,,,由 Watsons 官方 Open Chat 門市頁匯入；營業時間需用 Google Sheet、官方門市詳細頁或人工確認後填入。,https://www.watsons.com.tw/openchat
東海店,台中東海店;屈臣氏東海店;東海;東海店門市;東海店,台中市龍井區新興路2號,,每日,,,由 Watsons 官方 Open Chat 門市頁匯入；營業時間需用 Google Sheet、官方門市詳細頁或人工確認後填入。,https://www.watsons.com.tw/openchat
豐原店,台中豐原店;屈臣氏豐原店;豐原;豐原店門市;豐原店,台中市豐原區中正路147號,,每日,,,由 Watsons 官方 Open Chat 門市頁匯入；營業時間需用 Google Sheet、官方門市詳細頁或人工確認後填入。,https://www.watsons.com.tw/openchat
向陽店,台中向陽店;屈臣氏向陽店;向陽;向陽店門市;向陽店,台中市豐原區向陽路269號,,每日,,,由 Watsons 官方 Open Chat 門市頁匯入；營業時間需用 Google Sheet、官方門市詳細頁或人工確認後填入。,https://www.watsons.com.tw/openchat
豐功店,台中豐功店;屈臣氏豐功店;豐功;豐功店門市;豐功店,台中市豐原區成功路148號,,每日,,,由 Watsons 官方 Open Chat 門市頁匯入；營業時間需用 Google Sheet、官方門市詳細頁或人工確認後填入。,https://www.watsons.com.tw/openchat
新霧峰店,台中新霧峰店;屈臣氏新霧峰店;新霧峰;新霧峰店門市;新霧峰店,台中市霧峰區中正路841號,,每日,,,由 Watsons 官方 Open Chat 門市頁匯入；營業時間需用 Google Sheet、官方門市詳細頁或人工確認後填入。,https://www.watsons.com.tw/openchat
二林店,彰化二林店;屈臣氏二林店;二林;二林店門市;二林店,彰化縣二林鎮中山路110號,,每日,,,由 Watsons 官方 Open Chat 門市頁匯入；營業時間需用 Google Sheet、官方門市詳細頁或人工確認後填入。,https://www.watsons.com.tw/openchat
北斗店,彰化北斗店;屈臣氏北斗店;北斗;北斗店門市;北斗店,彰化縣北斗鎮中華路261號,,每日,,,由 Watsons 官方 Open Chat 門市頁匯入；營業時間需用 Google Sheet、官方門市詳細頁或人工確認後填入。,https://www.watsons.com.tw/openchat
永靖店,彰化永靖店;屈臣氏永靖店;永靖;永靖店門市;永靖店,彰化縣永靖鄉瑚璉路187號,,每日,,,由 Watsons 官方 Open Chat 門市頁匯入；營業時間需用 Google Sheet、官方門市詳細頁或人工確認後填入。,https://www.watsons.com.tw/openchat
田中店,彰化田中店;屈臣氏田中店;田中;田中店門市;田中店,彰化縣田中鎮中州路一段190號,,每日,,,由 Watsons 官方 Open Chat 門市頁匯入；營業時間需用 Google Sheet、官方門市詳細頁或人工確認後填入。,https://www.watsons.com.tw/openchat
和美店,彰化和美店;屈臣氏和美店;和美;和美店門市;和美店,彰化縣和美鎮中山路163號,,每日,,,由 Watsons 官方 Open Chat 門市頁匯入；營業時間需用 Google Sheet、官方門市詳細頁或人工確認後填入。,https://www.watsons.com.tw/openchat
社頭店,彰化社頭店;屈臣氏社頭店;社頭;社頭店門市;社頭店,彰化縣社頭鄉社斗路一段205號,,每日,,,由 Watsons 官方 Open Chat 門市頁匯入；營業時間需用 Google Sheet、官方門市詳細頁或人工確認後填入。,https://www.watsons.com.tw/openchat
花壇店,彰化花壇店;屈臣氏花壇店;花壇;花壇店門市;花壇店,彰化縣花壇鄉中正路176號,,每日,,,由 Watsons 官方 Open Chat 門市頁匯入；營業時間需用 Google Sheet、官方門市詳細頁或人工確認後填入。,https://www.watsons.com.tw/openchat
員二店,彰化員二店;屈臣氏員二店;員二;員二店門市;員二店,彰化縣員林市民權街6號,,每日,,,由 Watsons 官方 Open Chat 門市頁匯入；營業時間需用 Google Sheet、官方門市詳細頁或人工確認後填入。,https://www.watsons.com.tw/openchat
員中店,彰化員中店;屈臣氏員中店;員中;員中店門市;員中店,彰化縣員林市中正路197號,,每日,,,由 Watsons 官方 Open Chat 門市頁匯入；營業時間需用 Google Sheet、官方門市詳細頁或人工確認後填入。,https://www.watsons.com.tw/openchat
靜修店,彰化靜修店;屈臣氏靜修店;靜修;靜修店門市;靜修店,彰化縣員林市靜修路52-19號,,每日,,,由 Watsons 官方 Open Chat 門市頁匯入；營業時間需用 Google Sheet、官方門市詳細頁或人工確認後填入。,https://www.watsons.com.tw/openchat
鹿港店,彰化鹿港店;屈臣氏鹿港店;鹿港;鹿港店門市;鹿港店,彰化縣鹿港鎮民族路99號,,每日,,,由 Watsons 官方 Open Chat 門市頁匯入；營業時間需用 Google Sheet、官方門市詳細頁或人工確認後填入。,https://www.watsons.com.tw/openchat
溪湖店,彰化溪湖店;屈臣氏溪湖店;溪湖;溪湖店門市;溪湖店,彰化縣溪湖鎮彰水路三段298號,,每日,,,由 Watsons 官方 Open Chat 門市頁匯入；營業時間需用 Google Sheet、官方門市詳細頁或人工確認後填入。,https://www.watsons.com.tw/openchat
彰化店,彰化彰化店;屈臣氏彰化店;彰化;彰化店門市;彰化店,彰化縣彰化市和平路15號,,每日,,,由 Watsons 官方 Open Chat 門市頁匯入；營業時間需用 Google Sheet、官方門市詳細頁或人工確認後填入。,https://www.watsons.com.tw/openchat
彰化三店,彰化彰化三店;屈臣氏彰化三店;彰化三;彰化三店門市;彰化三店,彰化縣彰化市三民路265號,,每日,,,由 Watsons 官方 Open Chat 門市頁匯入；營業時間需用 Google Sheet、官方門市詳細頁或人工確認後填入。,https://www.watsons.com.tw/openchat
旭光店,彰化旭光店;屈臣氏旭光店;旭光;旭光店門市;旭光店,彰化縣彰化市旭光路255號,,每日,,,由 Watsons 官方 Open Chat 門市頁匯入；營業時間需用 Google Sheet、官方門市詳細頁或人工確認後填入。,https://www.watsons.com.tw/openchat
彰南店,彰化彰南店;屈臣氏彰南店;彰南;彰南店門市;彰南店,彰化縣彰化市彰南路一段417號,,每日,,,由 Watsons 官方 Open Chat 門市頁匯入；營業時間需用 Google Sheet、官方門市詳細頁或人工確認後填入。,https://www.watsons.com.tw/openchat
彰民店,彰化彰民店;屈臣氏彰民店;彰民;彰民店門市;彰民店,彰化縣彰化市民族路273號,,每日,,,由 Watsons 官方 Open Chat 門市頁匯入；營業時間需用 Google Sheet、官方門市詳細頁或人工確認後填入。,https://www.watsons.com.tw/openchat
大埔店,彰化大埔店;屈臣氏大埔店;大埔;大埔店門市;大埔店,彰化縣彰化市大埔路592號,,每日,,,由 Watsons 官方 Open Chat 門市頁匯入；營業時間需用 Google Sheet、官方門市詳細頁或人工確認後填入。,https://www.watsons.com.tw/openchat
水里店,南投水里店;屈臣氏水里店;水里;水里店門市;水里店,南投縣水里鄉民生路433號,,每日,,,由 Watsons 官方 Open Chat 門市頁匯入；營業時間需用 Google Sheet、官方門市詳細頁或人工確認後填入。,https://www.watsons.com.tw/openchat
名間店,南投名間店;屈臣氏名間店;名間;名間店門市;名間店,南投縣名間鄉南雅街100號,,每日,,,由 Watsons 官方 Open Chat 門市頁匯入；營業時間需用 Google Sheet、官方門市詳細頁或人工確認後填入。,https://www.watsons.com.tw/openchat
竹山店,南投竹山店;屈臣氏竹山店;竹山;竹山店門市;竹山店,南投縣竹山鎮集山路三段959號,,每日,,,由 Watsons 官方 Open Chat 門市頁匯入；營業時間需用 Google Sheet、官方門市詳細頁或人工確認後填入。,https://www.watsons.com.tw/openchat
南投店,南投南投店;屈臣氏南投店;南投;南投店門市;南投店,南投縣南投市復興路137號,,每日,,,由 Watsons 官方 Open Chat 門市頁匯入；營業時間需用 Google Sheet、官方門市詳細頁或人工確認後填入。,https://www.watsons.com.tw/openchat
南投二店,南投南投二店;屈臣氏南投二店;南投二;南投二店門市;南投二店,南投縣南投市彰南路二段26號,,每日,,,由 Watsons 官方 Open Chat 門市頁匯入；營業時間需用 Google Sheet、官方門市詳細頁或人工確認後填入。,https://www.watsons.com.tw/openchat
埔里店,南投埔里店;屈臣氏埔里店;埔里;埔里店門市;埔里店,南投縣埔里鎮南盛街120號,,每日,,,由 Watsons 官方 Open Chat 門市頁匯入；營業時間需用 Google Sheet、官方門市詳細頁或人工確認後填入。,https://www.watsons.com.tw/openchat
埔里二店,南投埔里二店;屈臣氏埔里二店;埔里二;埔里二店門市;埔里二店,南投縣埔里鎮中正路463號,,每日,,,由 Watsons 官方 Open Chat 門市頁匯入；營業時間需用 Google Sheet、官方門市詳細頁或人工確認後填入。,https://www.watsons.com.tw/openchat
草屯店,南投草屯店;屈臣氏草屯店;草屯;草屯店門市;草屯店,南投縣草屯鎮太平路二段262號,,每日,,,由 Watsons 官方 Open Chat 門市頁匯入；營業時間需用 Google Sheet、官方門市詳細頁或人工確認後填入。,https://www.watsons.com.tw/openchat
雲科店,雲林雲科店;屈臣氏雲科店;雲科;雲科店門市;雲科店,雲林縣斗六市中山路300-1號,,每日,,,由 Watsons 官方 Open Chat 門市頁匯入；營業時間需用 Google Sheet、官方門市詳細頁或人工確認後填入。,https://www.watsons.com.tw/openchat
鎮北店,雲林鎮北店;屈臣氏鎮北店;鎮北;鎮北店門市;鎮北店,雲林縣斗六市鎮北路115號,,每日,,,由 Watsons 官方 Open Chat 門市頁匯入；營業時間需用 Google Sheet、官方門市詳細頁或人工確認後填入。,https://www.watsons.com.tw/openchat
斗南店,雲林斗南店;屈臣氏斗南店;斗南;斗南店門市;斗南店,雲林縣斗南鎮中山路70號,,每日,,,由 Watsons 官方 Open Chat 門市頁匯入；營業時間需用 Google Sheet、官方門市詳細頁或人工確認後填入。,https://www.watsons.com.tw/openchat
北港店,雲林北港店;屈臣氏北港店;北港;北港店門市;北港店,雲林縣北港鎮民主路98號,,每日,,,由 Watsons 官方 Open Chat 門市頁匯入；營業時間需用 Google Sheet、官方門市詳細頁或人工確認後填入。,https://www.watsons.com.tw/openchat
西螺店,雲林西螺店;屈臣氏西螺店;西螺;西螺店門市;西螺店,雲林縣西螺鎮中山路167號,,每日,,,由 Watsons 官方 Open Chat 門市頁匯入；營業時間需用 Google Sheet、官方門市詳細頁或人工確認後填入。,https://www.watsons.com.tw/openchat
虎尾店,雲林虎尾店;屈臣氏虎尾店;虎尾;虎尾店門市;虎尾店,雲林縣虎尾鎮中正路141號,,每日,,,由 Watsons 官方 Open Chat 門市頁匯入；營業時間需用 Google Sheet、官方門市詳細頁或人工確認後填入。,https://www.watsons.com.tw/openchat
虎尾二店,雲林虎尾二店;屈臣氏虎尾二店;虎尾二;虎尾二店門市;虎尾二店,雲林縣虎尾鎮中正路340號,,每日,,,由 Watsons 官方 Open Chat 門市頁匯入；營業時間需用 Google Sheet、官方門市詳細頁或人工確認後填入。,https://www.watsons.com.tw/openchat
麥寮店,雲林麥寮店;屈臣氏麥寮店;麥寮;麥寮店門市;麥寮店,雲林縣麥寮鄉中興路42號,,每日,,,由 Watsons 官方 Open Chat 門市頁匯入；營業時間需用 Google Sheet、官方門市詳細頁或人工確認後填入。,https://www.watsons.com.tw/openchat
莿桐店,雲林莿桐店;屈臣氏莿桐店;莿桐;莿桐店門市;莿桐店,雲林縣莿桐鄉中山路80號,,每日,,,由 Watsons 官方 Open Chat 門市頁匯入；營業時間需用 Google Sheet、官方門市詳細頁或人工確認後填入。,https://www.watsons.com.tw/openchat
斗六店,雲林斗六店;屈臣氏斗六店;斗六;斗六店門市;斗六店,雲林縣斗六市民生路156號,,每日,,,由 Watsons 官方 Open Chat 門市頁匯入；營業時間需用 Google Sheet、官方門市詳細頁或人工確認後填入。,https://www.watsons.com.tw/openchat
市嘉新店,嘉義市嘉新店;屈臣氏市嘉新店;市嘉新;市嘉新店門市;市嘉新店,嘉義縣大林鎮中正路429號,,每日,,,由 Watsons 官方 Open Chat 門市頁匯入；營業時間需用 Google Sheet、官方門市詳細頁或人工確認後填入。,https://www.watsons.com.tw/openchat
縣大林店,嘉義縣大林店;屈臣氏縣大林店;縣大林;縣大林店門市;縣大林店,嘉義縣大林鎮中正路429號,,每日,,,由 Watsons 官方 Open Chat 門市頁匯入；營業時間需用 Google Sheet、官方門市詳細頁或人工確認後填入。,https://www.watsons.com.tw/openchat
縣太保店,嘉義縣太保店;屈臣氏縣太保店;縣太保;縣太保店門市;縣太保店,嘉義縣太保市中山路一段293號,,每日,,,由 Watsons 官方 Open Chat 門市頁匯入；營業時間需用 Google Sheet、官方門市詳細頁或人工確認後填入。,https://www.watsons.com.tw/openchat
縣水上店,嘉義縣水上店;屈臣氏縣水上店;縣水上;縣水上店門市;縣水上店,嘉義縣水上鄉中興路388號,,每日,,,由 Watsons 官方 Open Chat 門市頁匯入；營業時間需用 Google Sheet、官方門市詳細頁或人工確認後填入。,https://www.watsons.com.tw/openchat
縣民雄店,嘉義縣民雄店;屈臣氏縣民雄店;縣民雄;縣民雄店門市;縣民雄店,嘉義縣民雄鄉昇平路1-1號,,每日,,,由 Watsons 官方 Open Chat 門市頁匯入；營業時間需用 Google Sheet、官方門市詳細頁或人工確認後填入。,https://www.watsons.com.tw/openchat
縣頭橋店,嘉義縣頭橋店;屈臣氏縣頭橋店;縣頭橋;縣頭橋店門市;縣頭橋店,嘉義縣民雄鄉建國路三段136號,,每日,,,由 Watsons 官方 Open Chat 門市頁匯入；營業時間需用 Google Sheet、官方門市詳細頁或人工確認後填入。,https://www.watsons.com.tw/openchat
縣朴子店,嘉義縣朴子店;屈臣氏縣朴子店;縣朴子;縣朴子店門市;縣朴子店,嘉義縣朴子市八德路10號,,每日,,,由 Watsons 官方 Open Chat 門市頁匯入；營業時間需用 Google Sheet、官方門市詳細頁或人工確認後填入。,https://www.watsons.com.tw/openchat
嘉文店,嘉義嘉文店;屈臣氏嘉文店;嘉文;嘉文店門市;嘉文店,台南市下營區中山路一段66號,,每日,,,由 Watsons 官方 Open Chat 門市頁匯入；營業時間需用 Google Sheet、官方門市詳細頁或人工確認後填入。,https://www.watsons.com.tw/openchat
下營店,台南下營店;屈臣氏下營店;下營;下營店門市;下營店,台南市下營區中山路一段66號,,每日,,,由 Watsons 官方 Open Chat 門市頁匯入；營業時間需用 Google Sheet、官方門市詳細頁或人工確認後填入。,https://www.watsons.com.tw/openchat
南青店,台南南青店;屈臣氏南青店;南青;南青店門市;南青店,台南市中西區青年路148號,,每日,,,由 Watsons 官方 Open Chat 門市頁匯入；營業時間需用 Google Sheet、官方門市詳細頁或人工確認後填入。,https://www.watsons.com.tw/openchat
公園店,台南公園店;屈臣氏公園店;公園;公園店門市;公園店,台南市中西區公園路32號,,每日,,,由 Watsons 官方 Open Chat 門市頁匯入；營業時間需用 Google Sheet、官方門市詳細頁或人工確認後填入。,https://www.watsons.com.tw/openchat
南民店,台南南民店;屈臣氏南民店;南民;南民店門市;南民店,台南市中西區民族路三段287號,,每日,,,由 Watsons 官方 Open Chat 門市頁匯入；營業時間需用 Google Sheet、官方門市詳細頁或人工確認後填入。,https://www.watsons.com.tw/openchat
赤崁店,台南赤崁店;屈臣氏赤崁店;赤崁;赤崁店門市;赤崁店,台南市中西區成功路211號,,每日,,,由 Watsons 官方 Open Chat 門市頁匯入；營業時間需用 Google Sheet、官方門市詳細頁或人工確認後填入。,https://www.watsons.com.tw/openchat
仁德店,台南仁德店;屈臣氏仁德店;仁德;仁德店門市;仁德店,台南市仁德區中正路三段12號,,每日,,,由 Watsons 官方 Open Chat 門市頁匯入；營業時間需用 Google Sheet、官方門市詳細頁或人工確認後填入。,https://www.watsons.com.tw/openchat
嘉南店,台南嘉南店;屈臣氏嘉南店;嘉南;嘉南店門市;嘉南店,台南市仁德區二仁路一段165號,,每日,,,由 Watsons 官方 Open Chat 門市頁匯入；營業時間需用 Google Sheet、官方門市詳細頁或人工確認後填入。,https://www.watsons.com.tw/openchat
六甲店,台南六甲店;屈臣氏六甲店;六甲;六甲店門市;六甲店,台南市六甲區中山路2號,,每日,,,由 Watsons 官方 Open Chat 門市頁匯入；營業時間需用 Google Sheet、官方門市詳細頁或人工確認後填入。,https://www.watsons.com.tw/openchat
開元店,台南開元店;屈臣氏開元店;開元;開元店門市;開元店,台南市永康區大灣路273號,,每日,,,由 Watsons 官方 Open Chat 門市頁匯入；營業時間需用 Google Sheet、官方門市詳細頁或人工確認後填入。,https://www.watsons.com.tw/openchat
大灣店,台南大灣店;屈臣氏大灣店;大灣;大灣店門市;大灣店,台南市永康區大灣路273號,,每日,,,由 Watsons 官方 Open Chat 門市頁匯入；營業時間需用 Google Sheet、官方門市詳細頁或人工確認後填入。,https://www.watsons.com.tw/openchat
永康店,台南永康店;屈臣氏永康店;永康;永康店門市;永康店,台南市永康區中正路988號,,每日,,,由 Watsons 官方 Open Chat 門市頁匯入；營業時間需用 Google Sheet、官方門市詳細頁或人工確認後填入。,https://www.watsons.com.tw/openchat
永康二店,台南永康二店;屈臣氏永康二店;永康二;永康二店門市;永康二店,台南市永康區中華路201號,,每日,,,由 Watsons 官方 Open Chat 門市頁匯入；營業時間需用 Google Sheet、官方門市詳細頁或人工確認後填入。,https://www.watsons.com.tw/openchat
復華店,台南復華店;屈臣氏復華店;復華;復華店門市;復華店,台南市永康區復國一路317號,,每日,,,由 Watsons 官方 Open Chat 門市頁匯入；營業時間需用 Google Sheet、官方門市詳細頁或人工確認後填入。,https://www.watsons.com.tw/openchat
中山南店,台南中山南店;屈臣氏中山南店;中山南;中山南店門市;中山南店,台南市永康區中山南路237號,,每日,,,由 Watsons 官方 Open Chat 門市頁匯入；營業時間需用 Google Sheet、官方門市詳細頁或人工確認後填入。,https://www.watsons.com.tw/openchat
中山北店,台南中山北店;屈臣氏中山北店;中山北;中山北店門市;中山北店,台南市永康區中山北路31號,,每日,,,由 Watsons 官方 Open Chat 門市頁匯入；營業時間需用 Google Sheet、官方門市詳細頁或人工確認後填入。,https://www.watsons.com.tw/openchat
康華店,台南康華店;屈臣氏康華店;康華;康華店門市;康華店,台南市永康區中華路409號,,每日,,,由 Watsons 官方 Open Chat 門市頁匯入；營業時間需用 Google Sheet、官方門市詳細頁或人工確認後填入。,https://www.watsons.com.tw/openchat
白河店,台南白河店;屈臣氏白河店;白河;白河店門市;白河店,台南市白河區中山路32-2號,,每日,,,由 Watsons 官方 Open Chat 門市頁匯入；營業時間需用 Google Sheet、官方門市詳細頁或人工確認後填入。,https://www.watsons.com.tw/openchat
永華店,台南永華店;屈臣氏永華店;永華;永華店門市;永華店,台南市安平區永華路二段815號,,每日,,,由 Watsons 官方 Open Chat 門市頁匯入；營業時間需用 Google Sheet、官方門市詳細頁或人工確認後填入。,https://www.watsons.com.tw/openchat
華平店,台南華平店;屈臣氏華平店;華平;華平店門市;華平店,台南市安平區慶平路289號,,每日,,,由 Watsons 官方 Open Chat 門市頁匯入；營業時間需用 Google Sheet、官方門市詳細頁或人工確認後填入。,https://www.watsons.com.tw/openchat
海佃店,台南海佃店;屈臣氏海佃店;海佃;海佃店門市;海佃店,台南市安南區海佃路一段162號,,每日,,,由 Watsons 官方 Open Chat 門市頁匯入；營業時間需用 Google Sheet、官方門市詳細頁或人工確認後填入。,https://www.watsons.com.tw/openchat
本淵店,台南本淵店;屈臣氏本淵店;本淵;本淵店門市;本淵店,台南市安南區安中路三段416號,,每日,,,由 Watsons 官方 Open Chat 門市頁匯入；營業時間需用 Google Sheet、官方門市詳細頁或人工確認後填入。,https://www.watsons.com.tw/openchat
和順店,台南和順店;屈臣氏和順店;和順;和順店門市;和順店,台南市安南區安和路四段502號,,每日,,,由 Watsons 官方 Open Chat 門市頁匯入；營業時間需用 Google Sheet、官方門市詳細頁或人工確認後填入。,https://www.watsons.com.tw/openchat
安中店,台南安中店;屈臣氏安中店;安中;安中店門市;安中店,台南市安南區安中路一段799號,,每日,,,由 Watsons 官方 Open Chat 門市頁匯入；營業時間需用 Google Sheet、官方門市詳細頁或人工確認後填入。,https://www.watsons.com.tw/openchat
佳里店,台南佳里店;屈臣氏佳里店;佳里;佳里店門市;佳里店,台南市佳里區義民街219號,,每日,,,由 Watsons 官方 Open Chat 門市頁匯入；營業時間需用 Google Sheet、官方門市詳細頁或人工確認後填入。,https://www.watsons.com.tw/openchat
南西門店,台南南西門店;屈臣氏南西門店;南西門;南西門店門市;南西門店,台南市麻豆區興中路96號,,每日,,,由 Watsons 官方 Open Chat 門市頁匯入；營業時間需用 Google Sheet、官方門市詳細頁或人工確認後填入。,https://www.watsons.com.tw/openchat
麻豆店,台南麻豆店;屈臣氏麻豆店;麻豆;麻豆店門市;麻豆店,台南市麻豆區興中路96號,,每日,,,由 Watsons 官方 Open Chat 門市頁匯入；營業時間需用 Google Sheet、官方門市詳細頁或人工確認後填入。,https://www.watsons.com.tw/openchat
善化店,台南善化店;屈臣氏善化店;善化;善化店門市;善化店,台南市善化區中正路440號,,每日,,,由 Watsons 官方 Open Chat 門市頁匯入；營業時間需用 Google Sheet、官方門市詳細頁或人工確認後填入。,https://www.watsons.com.tw/openchat
新化店,台南新化店;屈臣氏新化店;新化;新化店門市;新化店,台南市新化區信義路213-1號,,每日,,,由 Watsons 官方 Open Chat 門市頁匯入；營業時間需用 Google Sheet、官方門市詳細頁或人工確認後填入。,https://www.watsons.com.tw/openchat
新市店,台南新市店;屈臣氏新市店;新市;新市店門市;新市店,台南市新市區仁愛街318號,,每日,,,由 Watsons 官方 Open Chat 門市頁匯入；營業時間需用 Google Sheet、官方門市詳細頁或人工確認後填入。,https://www.watsons.com.tw/openchat
新營店,台南新營店;屈臣氏新營店;新營;新營店門市;新營店,台南市新營區延平路2號,,每日,,,由 Watsons 官方 Open Chat 門市頁匯入；營業時間需用 Google Sheet、官方門市詳細頁或人工確認後填入。,https://www.watsons.com.tw/openchat
學甲店,台南學甲店;屈臣氏學甲店;學甲;學甲店門市;學甲店,台南市學甲區濟生路142號,,每日,,,由 Watsons 官方 Open Chat 門市頁匯入；營業時間需用 Google Sheet、官方門市詳細頁或人工確認後填入。,https://www.watsons.com.tw/openchat
歸仁店,台南歸仁店;屈臣氏歸仁店;歸仁;歸仁店門市;歸仁店,台南市歸仁區中山路一段579號,,每日,,,由 Watsons 官方 Open Chat 門市頁匯入；營業時間需用 Google Sheet、官方門市詳細頁或人工確認後填入。,https://www.watsons.com.tw/openchat
關廟店,台南關廟店;屈臣氏關廟店;關廟;關廟店門市;關廟店,台南市關廟區中山路一段640號,,每日,,,由 Watsons 官方 Open Chat 門市頁匯入；營業時間需用 Google Sheet、官方門市詳細頁或人工確認後填入。,https://www.watsons.com.tw/openchat
鹽水店,台南鹽水店;屈臣氏鹽水店;鹽水;鹽水店門市;鹽水店,台南市鹽水區朝琴路41號,,每日,,,由 Watsons 官方 Open Chat 門市頁匯入；營業時間需用 Google Sheet、官方門市詳細頁或人工確認後填入。,https://www.watsons.com.tw/openchat
友愛店,台南友愛店;屈臣氏友愛店;友愛;友愛店門市;友愛店,台南市中西區國華街二段159號,,每日,,,由 Watsons 官方 Open Chat 門市頁匯入；營業時間需用 Google Sheet、官方門市詳細頁或人工確認後填入。,https://www.watsons.com.tw/openchat
新北門店,台南新北門店;屈臣氏新北門店;新北門;新北門店門市;新北門店,高雄市三民區博愛一路225號,,每日,,,由 Watsons 官方 Open Chat 門市頁匯入；營業時間需用 Google Sheet、官方門市詳細頁或人工確認後填入。,https://www.watsons.com.tw/openchat
察哈爾店,高雄察哈爾店;屈臣氏察哈爾店;察哈爾;察哈爾店門市;察哈爾店,高雄市三民區博愛一路225號,,每日,,,由 Watsons 官方 Open Chat 門市頁匯入；營業時間需用 Google Sheet、官方門市詳細頁或人工確認後填入。,https://www.watsons.com.tw/openchat
灣中店,高雄灣中店;屈臣氏灣中店;灣中;灣中店門市;灣中店,高雄市三民區灣中街341號,,每日,,,由 Watsons 官方 Open Chat 門市頁匯入；營業時間需用 Google Sheet、官方門市詳細頁或人工確認後填入。,https://www.watsons.com.tw/openchat
澄和店,高雄澄和店;屈臣氏澄和店;澄和;澄和店門市;澄和店,高雄市三民區澄和路129號,,每日,,,由 Watsons 官方 Open Chat 門市頁匯入；營業時間需用 Google Sheet、官方門市詳細頁或人工確認後填入。,https://www.watsons.com.tw/openchat
建興店,高雄建興店;屈臣氏建興店;建興;建興店門市;建興店,高雄市三民區建興路224號,,每日,,,由 Watsons 官方 Open Chat 門市頁匯入；營業時間需用 Google Sheet、官方門市詳細頁或人工確認後填入。,https://www.watsons.com.tw/openchat
天祥店,高雄天祥店;屈臣氏天祥店;天祥;天祥店門市;天祥店,高雄市三民區天祥一路171號,,每日,,,由 Watsons 官方 Open Chat 門市頁匯入；營業時間需用 Google Sheet、官方門市詳細頁或人工確認後填入。,https://www.watsons.com.tw/openchat
高明店,高雄高明店;屈臣氏高明店;高明;高明店門市;高明店,高雄市三民區陽明路172號,,每日,,,由 Watsons 官方 Open Chat 門市頁匯入；營業時間需用 Google Sheet、官方門市詳細頁或人工確認後填入。,https://www.watsons.com.tw/openchat
明哲店,高雄明哲店;屈臣氏明哲店;明哲;明哲店門市;明哲店,高雄市三民區明哲路1號,,每日,,,由 Watsons 官方 Open Chat 門市頁匯入；營業時間需用 Google Sheet、官方門市詳細頁或人工確認後填入。,https://www.watsons.com.tw/openchat
大昌店,高雄大昌店;屈臣氏大昌店;大昌;大昌店門市;大昌店,高雄市三民區大昌二路114號,,每日,,,由 Watsons 官方 Open Chat 門市頁匯入；營業時間需用 Google Sheet、官方門市詳細頁或人工確認後填入。,https://www.watsons.com.tw/openchat
鼎力店,高雄鼎力店;屈臣氏鼎力店;鼎力;鼎力店門市;鼎力店,高雄市三民區鼎力路27號,,每日,,,由 Watsons 官方 Open Chat 門市頁匯入；營業時間需用 Google Sheet、官方門市詳細頁或人工確認後填入。,https://www.watsons.com.tw/openchat
大社店,高雄大社店;屈臣氏大社店;大社;大社店門市;大社店,高雄市大社區中山路365號,,每日,,,由 Watsons 官方 Open Chat 門市頁匯入；營業時間需用 Google Sheet、官方門市詳細頁或人工確認後填入。,https://www.watsons.com.tw/openchat
大寮店,高雄大寮店;屈臣氏大寮店;大寮;大寮店門市;大寮店,高雄市大寮區鳳林三路330號,,每日,,,由 Watsons 官方 Open Chat 門市頁匯入；營業時間需用 Google Sheet、官方門市詳細頁或人工確認後填入。,https://www.watsons.com.tw/openchat
後庄店,高雄後庄店;屈臣氏後庄店;後庄;後庄店門市;後庄店,高雄市大寮區鳳屏一路281號,,每日,,,由 Watsons 官方 Open Chat 門市頁匯入；營業時間需用 Google Sheet、官方門市詳細頁或人工確認後填入。,https://www.watsons.com.tw/openchat
小港店,高雄小港店;屈臣氏小港店;小港;小港店門市;小港店,高雄市小港區漢民路283號,,每日,,,由 Watsons 官方 Open Chat 門市頁匯入；營業時間需用 Google Sheet、官方門市詳細頁或人工確認後填入。,https://www.watsons.com.tw/openchat
宏平店,高雄宏平店;屈臣氏宏平店;宏平;宏平店門市;宏平店,高雄市小港區宏平路130號,,每日,,,由 Watsons 官方 Open Chat 門市頁匯入；營業時間需用 Google Sheet、官方門市詳細頁或人工確認後填入。,https://www.watsons.com.tw/openchat
仁武店,高雄仁武店;屈臣氏仁武店;仁武;仁武店門市;仁武店,高雄市仁武區仁武村中正路190-1號,,每日,,,由 Watsons 官方 Open Chat 門市頁匯入；營業時間需用 Google Sheet、官方門市詳細頁或人工確認後填入。,https://www.watsons.com.tw/openchat
仁忠店,高雄仁忠店;屈臣氏仁忠店;仁忠;仁忠店門市;仁忠店,高雄市仁武區仁忠路202號,,每日,,,由 Watsons 官方 Open Chat 門市頁匯入；營業時間需用 Google Sheet、官方門市詳細頁或人工確認後填入。,https://www.watsons.com.tw/openchat
左營店,高雄左營店;屈臣氏左營店;左營;左營店門市;左營店,高雄市左營區左營大路290號,,每日,,,由 Watsons 官方 Open Chat 門市頁匯入；營業時間需用 Google Sheet、官方門市詳細頁或人工確認後填入。,https://www.watsons.com.tw/openchat
右昌店,高雄右昌店;屈臣氏右昌店;右昌;右昌店門市;右昌店,高雄市左營區後昌路651號,,每日,,,由 Watsons 官方 Open Chat 門市頁匯入；營業時間需用 Google Sheet、官方門市詳細頁或人工確認後填入。,https://www.watsons.com.tw/openchat
裕誠店,高雄裕誠店;屈臣氏裕誠店;裕誠;裕誠店門市;裕誠店,高雄市左營區裕誠路413號,,每日,,,由 Watsons 官方 Open Chat 門市頁匯入；營業時間需用 Google Sheet、官方門市詳細頁或人工確認後填入。,https://www.watsons.com.tw/openchat
崇高店,高雄崇高店;屈臣氏崇高店;崇高;崇高店門市;崇高店,高雄市左營區崇德路385號,,每日,,,由 Watsons 官方 Open Chat 門市頁匯入；營業時間需用 Google Sheet、官方門市詳細頁或人工確認後填入。,https://www.watsons.com.tw/openchat
自由三店,高雄自由三店;屈臣氏自由三店;自由三;自由三店門市;自由三店,高雄市左營區自由三路210號,,每日,,,由 Watsons 官方 Open Chat 門市頁匯入；營業時間需用 Google Sheet、官方門市詳細頁或人工確認後填入。,https://www.watsons.com.tw/openchat
岡山店,高雄岡山店;屈臣氏岡山店;岡山;岡山店門市;岡山店,高雄市岡山區壽天路111號,,每日,,,由 Watsons 官方 Open Chat 門市頁匯入；營業時間需用 Google Sheet、官方門市詳細頁或人工確認後填入。,https://www.watsons.com.tw/openchat
林園店,高雄林園店;屈臣氏林園店;林園;林園店門市;林園店,高雄市林園區東林西路29號,,每日,,,由 Watsons 官方 Open Chat 門市頁匯入；營業時間需用 Google Sheet、官方門市詳細頁或人工確認後填入。,https://www.watsons.com.tw/openchat
新阿蓮店,高雄新阿蓮店;屈臣氏新阿蓮店;新阿蓮;新阿蓮店門市;新阿蓮店,高雄市阿蓮區中山路73號,,每日,,,由 Watsons 官方 Open Chat 門市頁匯入；營業時間需用 Google Sheet、官方門市詳細頁或人工確認後填入。,https://www.watsons.com.tw/openchat
一心店,高雄一心店;屈臣氏一心店;一心;一心店門市;一心店,高雄市前鎮區一心二路45號,,每日,,,由 Watsons 官方 Open Chat 門市頁匯入；營業時間需用 Google Sheet、官方門市詳細頁或人工確認後填入。,https://www.watsons.com.tw/openchat
瑞隆店,高雄瑞隆店;屈臣氏瑞隆店;瑞隆;瑞隆店門市;瑞隆店,高雄市前鎮區瑞隆路436號,,每日,,,由 Watsons 官方 Open Chat 門市頁匯入；營業時間需用 Google Sheet、官方門市詳細頁或人工確認後填入。,https://www.watsons.com.tw/openchat
草衙店,高雄草衙店;屈臣氏草衙店;草衙;草衙店門市;草衙店,高雄市前鎮區草衙二路393號,,每日,,,由 Watsons 官方 Open Chat 門市頁匯入；營業時間需用 Google Sheet、官方門市詳細頁或人工確認後填入。,https://www.watsons.com.tw/openchat
瑞北店,高雄瑞北店;屈臣氏瑞北店;瑞北;瑞北店門市;瑞北店,高雄市前鎮區瑞北路52號,,每日,,,由 Watsons 官方 Open Chat 門市頁匯入；營業時間需用 Google Sheet、官方門市詳細頁或人工確認後填入。,https://www.watsons.com.tw/openchat
美濃店,高雄美濃店;屈臣氏美濃店;美濃;美濃店門市;美濃店,高雄市美濃區中正路一段42號,,每日,,,由 Watsons 官方 Open Chat 門市頁匯入；營業時間需用 Google Sheet、官方門市詳細頁或人工確認後填入。,https://www.watsons.com.tw/openchat
廣州店,高雄廣州店;屈臣氏廣州店;廣州;廣州店門市;廣州店,高雄市苓雅區廣州一街141-3號,,每日,,,由 Watsons 官方 Open Chat 門市頁匯入；營業時間需用 Google Sheet、官方門市詳細頁或人工確認後填入。,https://www.watsons.com.tw/openchat
武廟店,高雄武廟店;屈臣氏武廟店;武廟;武廟店門市;武廟店,高雄市苓雅區福德二路20之1號,,每日,,,由 Watsons 官方 Open Chat 門市頁匯入；營業時間需用 Google Sheet、官方門市詳細頁或人工確認後填入。,https://www.watsons.com.tw/openchat
興中店,高雄興中店;屈臣氏興中店;興中;興中店門市;興中店,高雄市苓雅區興中一路377號,,每日,,,由 Watsons 官方 Open Chat 門市頁匯入；營業時間需用 Google Sheet、官方門市詳細頁或人工確認後填入。,https://www.watsons.com.tw/openchat
建國店,高雄建國店;屈臣氏建國店;建國;建國店門市;建國店,高雄市苓雅區正義路136號,,每日,,,由 Watsons 官方 Open Chat 門市頁匯入；營業時間需用 Google Sheet、官方門市詳細頁或人工確認後填入。,https://www.watsons.com.tw/openchat
六合店,高雄六合店;屈臣氏六合店;六合;六合店門市;六合店,高雄市新興區六合一路94號,,每日,,,由 Watsons 官方 Open Chat 門市頁匯入；營業時間需用 Google Sheet、官方門市詳細頁或人工確認後填入。,https://www.watsons.com.tw/openchat
南華店,高雄南華店;屈臣氏南華店;南華;南華店門市;南華店,高雄市新興區林森一路166號,,每日,,,由 Watsons 官方 Open Chat 門市頁匯入；營業時間需用 Google Sheet、官方門市詳細頁或人工確認後填入。,https://www.watsons.com.tw/openchat
楠梓店,高雄楠梓店;屈臣氏楠梓店;楠梓;楠梓店門市;楠梓店,高雄市楠梓區建楠路156號,,每日,,,由 Watsons 官方 Open Chat 門市頁匯入；營業時間需用 Google Sheet、官方門市詳細頁或人工確認後填入。,https://www.watsons.com.tw/openchat
楠梓二店,高雄楠梓二店;屈臣氏楠梓二店;楠梓二;楠梓二店門市;楠梓二店,高雄市楠梓區後昌路123號,,每日,,,由 Watsons 官方 Open Chat 門市頁匯入；營業時間需用 Google Sheet、官方門市詳細頁或人工確認後填入。,https://www.watsons.com.tw/openchat
德賢店,高雄德賢店;屈臣氏德賢店;德賢;德賢店門市;德賢店,高雄市楠梓區德賢路193號,,每日,,,由 Watsons 官方 Open Chat 門市頁匯入；營業時間需用 Google Sheet、官方門市詳細頁或人工確認後填入。,https://www.watsons.com.tw/openchat
德民店,高雄德民店;屈臣氏德民店;德民;德民店門市;德民店,高雄市楠梓區德民路977號,,每日,,,由 Watsons 官方 Open Chat 門市頁匯入；營業時間需用 Google Sheet、官方門市詳細頁或人工確認後填入。,https://www.watsons.com.tw/openchat
右昌二店,高雄右昌二店;屈臣氏右昌二店;右昌二;右昌二店門市;右昌二店,高雄市楠梓區右昌街146號,,每日,,,由 Watsons 官方 Open Chat 門市頁匯入；營業時間需用 Google Sheet、官方門市詳細頁或人工確認後填入。,https://www.watsons.com.tw/openchat
路竹店,高雄路竹店;屈臣氏路竹店;路竹;路竹店門市;路竹店,高雄市路竹區大社路21號,,每日,,,由 Watsons 官方 Open Chat 門市頁匯入；營業時間需用 Google Sheet、官方門市詳細頁或人工確認後填入。,https://www.watsons.com.tw/openchat
內惟店,高雄內惟店;屈臣氏內惟店;內惟;內惟店門市;內惟店,高雄市鼓山區九如四路1476號,,每日,,,由 Watsons 官方 Open Chat 門市頁匯入；營業時間需用 Google Sheet、官方門市詳細頁或人工確認後填入。,https://www.watsons.com.tw/openchat
旗山店,高雄旗山店;屈臣氏旗山店;旗山;旗山店門市;旗山店,高雄市旗山區延平一路617號,,每日,,,由 Watsons 官方 Open Chat 門市頁匯入；營業時間需用 Google Sheet、官方門市詳細頁或人工確認後填入。,https://www.watsons.com.tw/openchat
旗津店,高雄旗津店;屈臣氏旗津店;旗津;旗津店門市;旗津店,高雄市旗津區通山路18號,,每日,,,由 Watsons 官方 Open Chat 門市頁匯入；營業時間需用 Google Sheet、官方門市詳細頁或人工確認後填入。,https://www.watsons.com.tw/openchat
五甲店,高雄五甲店;屈臣氏五甲店;五甲;五甲店門市;五甲店,高雄市鳳山區五甲二路690號,,每日,,,由 Watsons 官方 Open Chat 門市頁匯入；營業時間需用 Google Sheet、官方門市詳細頁或人工確認後填入。,https://www.watsons.com.tw/openchat
青年店,高雄青年店;屈臣氏青年店;青年;青年店門市;青年店,高雄市鳳山區青年路二段389號,,每日,,,由 Watsons 官方 Open Chat 門市頁匯入；營業時間需用 Google Sheet、官方門市詳細頁或人工確認後填入。,https://www.watsons.com.tw/openchat
鳳松店,高雄鳳松店;屈臣氏鳳松店;鳳松;鳳松店門市;鳳松店,高雄市鳳山區經武路229號,,每日,,,由 Watsons 官方 Open Chat 門市頁匯入；營業時間需用 Google Sheet、官方門市詳細頁或人工確認後填入。,https://www.watsons.com.tw/openchat
橋頭店,高雄橋頭店;屈臣氏橋頭店;橋頭;橋頭店門市;橋頭店,高雄市橋頭區隆豐路201號,,每日,,,由 Watsons 官方 Open Chat 門市頁匯入；營業時間需用 Google Sheet、官方門市詳細頁或人工確認後填入。,https://www.watsons.com.tw/openchat
華王店,高雄華王店;屈臣氏華王店;華王;華王店門市;華王店,高雄市鹽埕區五福四路55號,,每日,,,由 Watsons 官方 Open Chat 門市頁匯入；營業時間需用 Google Sheet、官方門市詳細頁或人工確認後填入。,https://www.watsons.com.tw/openchat
瑞豐店,高雄瑞豐店;屈臣氏瑞豐店;瑞豐;瑞豐店門市;瑞豐店,高雄市鼓山區裕誠路1087、1087-1號1-2F,,每日,,,由 Watsons 官方 Open Chat 門市頁匯入；營業時間需用 Google Sheet、官方門市詳細頁或人工確認後填入。,https://www.watsons.com.tw/openchat
文橫店,高雄文橫店;屈臣氏文橫店;文橫;文橫店門市;文橫店,高雄市前鎮區文橫三路190號1-3F,,每日,,,由 Watsons 官方 Open Chat 門市頁匯入；營業時間需用 Google Sheet、官方門市詳細頁或人工確認後填入。,https://www.watsons.com.tw/openchat
義大店,高雄義大店;屈臣氏義大店;義大;義大店門市;義大店,高雄市大樹區學城路一段12號,,每日,,,由 Watsons 官方 Open Chat 門市頁匯入；營業時間需用 Google Sheet、官方門市詳細頁或人工確認後填入。,https://www.watsons.com.tw/openchat
鳳山店,高雄鳳山店;屈臣氏鳳山店;鳳山;鳳山店門市;鳳山店,高雄市鳳山區中山路120-1號,,每日,,,由 Watsons 官方 Open Chat 門市頁匯入；營業時間需用 Google Sheet、官方門市詳細頁或人工確認後填入。,https://www.watsons.com.tw/openchat
漢神店,高雄漢神店;屈臣氏漢神店;漢神;漢神店門市;漢神店,高雄市苓雅區成功一路239-6號,,每日,,,由 Watsons 官方 Open Chat 門市頁匯入；營業時間需用 Google Sheet、官方門市詳細頁或人工確認後填入。,https://www.watsons.com.tw/openchat
宜蘭店,宜蘭宜蘭店;屈臣氏宜蘭店;宜蘭;宜蘭店門市;宜蘭店,宜蘭縣宜蘭市中山路三段23號,,每日,,,由 Watsons 官方 Open Chat 門市頁匯入；營業時間需用 Google Sheet、官方門市詳細頁或人工確認後填入。,https://www.watsons.com.tw/openchat
城東店,宜蘭城東店;屈臣氏城東店;城東;城東店門市;城東店,宜蘭縣宜蘭市舊城東路28-3號,,每日,,,由 Watsons 官方 Open Chat 門市頁匯入；營業時間需用 Google Sheet、官方門市詳細頁或人工確認後填入。,https://www.watsons.com.tw/openchat
神農店,宜蘭神農店;屈臣氏神農店;神農;神農店門市;神農店,宜蘭縣宜蘭市神農路一段79號,,每日,,,由 Watsons 官方 Open Chat 門市頁匯入；營業時間需用 Google Sheet、官方門市詳細頁或人工確認後填入。,https://www.watsons.com.tw/openchat
蘭城新月店,宜蘭蘭城新月店;屈臣氏蘭城新月店;蘭城新月;蘭城新月店門市;蘭城新月店,宜蘭縣宜蘭市民權路二段38巷6號,,每日,,,由 Watsons 官方 Open Chat 門市頁匯入；營業時間需用 Google Sheet、官方門市詳細頁或人工確認後填入。,https://www.watsons.com.tw/openchat
頭城店,宜蘭頭城店;屈臣氏頭城店;頭城;頭城店門市;頭城店,宜蘭縣頭城鎮青雲路三段165號,,每日,,,由 Watsons 官方 Open Chat 門市頁匯入；營業時間需用 Google Sheet、官方門市詳細頁或人工確認後填入。,https://www.watsons.com.tw/openchat
羅東店,宜蘭羅東店;屈臣氏羅東店;羅東;羅東店門市;羅東店,宜蘭縣羅東鎮興東路6號,,每日,,,由 Watsons 官方 Open Chat 門市頁匯入；營業時間需用 Google Sheet、官方門市詳細頁或人工確認後填入。,https://www.watsons.com.tw/openchat
羅民店,宜蘭羅民店;屈臣氏羅民店;羅民;羅民店門市;羅民店,宜蘭縣羅東鎮民生路30號,,每日,,,由 Watsons 官方 Open Chat 門市頁匯入；營業時間需用 Google Sheet、官方門市詳細頁或人工確認後填入。,https://www.watsons.com.tw/openchat
羅站店,宜蘭羅站店;屈臣氏羅站店;羅站;羅站店門市;羅站店,宜蘭縣羅東鎮公正路66號,,每日,,,由 Watsons 官方 Open Chat 門市頁匯入；營業時間需用 Google Sheet、官方門市詳細頁或人工確認後填入。,https://www.watsons.com.tw/openchat
蘇澳店,宜蘭蘇澳店;屈臣氏蘇澳店;蘇澳;蘇澳店門市;蘇澳店,宜蘭縣蘇澳鎮中山路一段78號,,每日,,,由 Watsons 官方 Open Chat 門市頁匯入；營業時間需用 Google Sheet、官方門市詳細頁或人工確認後填入。,https://www.watsons.com.tw/openchat
礁溪店,宜蘭礁溪店;屈臣氏礁溪店;礁溪;礁溪店門市;礁溪店,宜蘭縣礁溪鄉德陽路12號,,每日,,,由 Watsons 官方 Open Chat 門市頁匯入；營業時間需用 Google Sheet、官方門市詳細頁或人工確認後填入。,https://www.watsons.com.tw/openchat
玉里店,花蓮玉里店;屈臣氏玉里店;玉里;玉里店門市;玉里店,花蓮縣玉里鎮中山路一段209號,,每日,,,由 Watsons 官方 Open Chat 門市頁匯入；營業時間需用 Google Sheet、官方門市詳細頁或人工確認後填入。,https://www.watsons.com.tw/openchat
吉安店,花蓮吉安店;屈臣氏吉安店;吉安;吉安店門市;吉安店,花蓮縣吉安鄉中華路二段340號,,每日,,,由 Watsons 官方 Open Chat 門市頁匯入；營業時間需用 Google Sheet、官方門市詳細頁或人工確認後填入。,https://www.watsons.com.tw/openchat
花中店,花蓮花中店;屈臣氏花中店;花中;花中店門市;花中店,花蓮縣花蓮市中山路551號,,每日,,,由 Watsons 官方 Open Chat 門市頁匯入；營業時間需用 Google Sheet、官方門市詳細頁或人工確認後填入。,https://www.watsons.com.tw/openchat
美琪店,花蓮美琪店;屈臣氏美琪店;美琪;美琪店門市;美琪店,花蓮縣花蓮市中正路388號,,每日,,,由 Watsons 官方 Open Chat 門市頁匯入；營業時間需用 Google Sheet、官方門市詳細頁或人工確認後填入。,https://www.watsons.com.tw/openchat
花蓮店,花蓮店;屈臣氏花蓮店;花蓮;花蓮店門市,花蓮縣花蓮市中山路209號,,每日,,,由 Watsons 官方 Open Chat 門市頁匯入；營業時間需用 Google Sheet、官方門市詳細頁或人工確認後填入。,https://www.watsons.com.tw/openchat
新花中二店,花蓮新花中二店;屈臣氏新花中二店;新花中二;新花中二店門市;新花中二店,花蓮縣花蓮市中正路523號1、2樓,,每日,,,由 Watsons 官方 Open Chat 門市頁匯入；營業時間需用 Google Sheet、官方門市詳細頁或人工確認後填入。,https://www.watsons.com.tw/openchat
台東二店,台東台東二店;屈臣氏台東二店;台東二;台東二店門市;台東二店,台東縣成功鎮中華路63號,,每日,,,由 Watsons 官方 Open Chat 門市頁匯入；營業時間需用 Google Sheet、官方門市詳細頁或人工確認後填入。,https://www.watsons.com.tw/openchat
台東店,台東店;屈臣氏台東店;台東;台東店門市,台東縣台東市正氣路171、173、175號,,每日,,,由 Watsons 官方 Open Chat 門市頁匯入；營業時間需用 Google Sheet、官方門市詳細頁或人工確認後填入。,https://www.watsons.com.tw/openchat
東欣店,台東東欣店;屈臣氏東欣店;東欣;東欣店門市;東欣店,台東縣台東市新生路195號1F,,每日,,,由 Watsons 官方 Open Chat 門市頁匯入；營業時間需用 Google Sheet、官方門市詳細頁或人工確認後填入。,https://www.watsons.com.tw/openchat
內埔店,屏東內埔店;屈臣氏內埔店;內埔;內埔店門市;內埔店,屏東縣內埔鄉廣濟路179號,,每日,,,由 Watsons 官方 Open Chat 門市頁匯入；營業時間需用 Google Sheet、官方門市詳細頁或人工確認後填入。,https://www.watsons.com.tw/openchat
里港店,屏東里港店;屈臣氏里港店;里港;里港店門市;里港店,屏東縣里港鄉中山路49號,,每日,,,由 Watsons 官方 Open Chat 門市頁匯入；營業時間需用 Google Sheet、官方門市詳細頁或人工確認後填入。,https://www.watsons.com.tw/openchat
東港店,屏東東港店;屈臣氏東港店;東港;東港店門市;東港店,屏東縣東港鎮中山路59號,,每日,,,由 Watsons 官方 Open Chat 門市頁匯入；營業時間需用 Google Sheet、官方門市詳細頁或人工確認後填入。,https://www.watsons.com.tw/openchat
枋寮店,屏東枋寮店;屈臣氏枋寮店;枋寮;枋寮店門市;枋寮店,屏東縣枋寮鄉中山路156號,,每日,,,由 Watsons 官方 Open Chat 門市頁匯入；營業時間需用 Google Sheet、官方門市詳細頁或人工確認後填入。,https://www.watsons.com.tw/openchat
廣東店,屏東廣東店;屈臣氏廣東店;廣東;廣東店門市;廣東店,屏東縣屏東市廣東路615號,,每日,,,由 Watsons 官方 Open Chat 門市頁匯入；營業時間需用 Google Sheet、官方門市詳細頁或人工確認後填入。,https://www.watsons.com.tw/openchat
屏師店,屏東屏師店;屈臣氏屏師店;屏師;屏師店門市;屏師店,屏東縣屏東市林森路23-3號,,每日,,,由 Watsons 官方 Open Chat 門市頁匯入；營業時間需用 Google Sheet、官方門市詳細頁或人工確認後填入。,https://www.watsons.com.tw/openchat
屏東四店,屏東屏東四店;屈臣氏屏東四店;屏東四;屏東四店門市;屏東四店,屏東縣屏東市中山路65號,,每日,,,由 Watsons 官方 Open Chat 門市頁匯入；營業時間需用 Google Sheet、官方門市詳細頁或人工確認後填入。,https://www.watsons.com.tw/openchat
屏生店,屏東屏生店;屈臣氏屏生店;屏生;屏生店門市;屏生店,屏東縣屏東市民生路43號,,每日,,,由 Watsons 官方 Open Chat 門市頁匯入；營業時間需用 Google Sheet、官方門市詳細頁或人工確認後填入。,https://www.watsons.com.tw/openchat
墾丁店,屏東墾丁店;屈臣氏墾丁店;墾丁;墾丁店門市;墾丁店,屏東縣恆春鎮墾丁路212號,,每日,,,由 Watsons 官方 Open Chat 門市頁匯入；營業時間需用 Google Sheet、官方門市詳細頁或人工確認後填入。,https://www.watsons.com.tw/openchat
高樹店,屏東高樹店;屈臣氏高樹店;高樹;高樹店門市;高樹店,屏東縣高樹鄉南興路110號,,每日,,,由 Watsons 官方 Open Chat 門市頁匯入；營業時間需用 Google Sheet、官方門市詳細頁或人工確認後填入。,https://www.watsons.com.tw/openchat
萬丹店,屏東萬丹店;屈臣氏萬丹店;萬丹;萬丹店門市;萬丹店,屏東縣萬丹鄉萬丹路一段176號,,每日,,,由 Watsons 官方 Open Chat 門市頁匯入；營業時間需用 Google Sheet、官方門市詳細頁或人工確認後填入。,https://www.watsons.com.tw/openchat
潮州店,屏東潮州店;屈臣氏潮州店;潮州;潮州店門市;潮州店,屏東縣潮州鎮新生路54號,,每日,,,由 Watsons 官方 Open Chat 門市頁匯入；營業時間需用 Google Sheet、官方門市詳細頁或人工確認後填入。,https://www.watsons.com.tw/openchat
潮州二店,屏東潮州二店;屈臣氏潮州二店;潮州二;潮州二店門市;潮州二店,屏東縣潮州鎮延平路98號,,每日,,,由 Watsons 官方 Open Chat 門市頁匯入；營業時間需用 Google Sheet、官方門市詳細頁或人工確認後填入。,https://www.watsons.com.tw/openchat
鹽埔店,屏東鹽埔店;屈臣氏鹽埔店;鹽埔;鹽埔店門市;鹽埔店,屏東縣鹽埔鄉維新路109-2號,,每日,,,由 Watsons 官方 Open Chat 門市頁匯入；營業時間需用 Google Sheet、官方門市詳細頁或人工確認後填入。,https://www.watsons.com.tw/openchat
恆春店,屏東恆春店;屈臣氏恆春店;恆春;恆春店門市;恆春店,屏東縣恆春鎮中正路75號1-2F,,每日,,,由 Watsons 官方 Open Chat 門市頁匯入；營業時間需用 Google Sheet、官方門市詳細頁或人工確認後填入。,https://www.watsons.com.tw/openchat
屏東店,屏東屏東店;屈臣氏屏東店;屏東;屏東店門市;屏東店,屏東縣屏東市民生路301-1號,,每日,,,由 Watsons 官方 Open Chat 門市頁匯入；營業時間需用 Google Sheet、官方門市詳細頁或人工確認後填入。,https://www.watsons.com.tw/openchat
金門店,金門金門店;屈臣氏金門店;金門;金門店門市;金門店,金門縣金城鎮民生路35-2號,,每日,,,由 Watsons 官方 Open Chat 門市頁匯入；營業時間需用 Google Sheet、官方門市詳細頁或人工確認後填入。,https://www.watsons.com.tw/openchat
金門二店,金門金門二店;屈臣氏金門二店;金門二;金門二店門市;金門二店,金門縣金湖鎮中正路90號,,每日,,,由 Watsons 官方 Open Chat 門市頁匯入；營業時間需用 Google Sheet、官方門市詳細頁或人工確認後填入。,https://www.watsons.com.tw/openchat
北辰店,澎湖北辰店;屈臣氏北辰店;北辰;北辰店門市;北辰店,澎湖縣馬公市中華路59-2號,,每日,,,由 Watsons 官方 Open Chat 門市頁匯入；營業時間需用 Google Sheet、官方門市詳細頁或人工確認後填入。,https://www.watsons.com.tw/openchat
澎湖店,澎湖澎湖店;屈臣氏澎湖店;澎湖;澎湖店門市;澎湖店,澎湖縣馬公市中正路26號,,每日,,,由 Watsons 官方 Open Chat 門市頁匯入；營業時間需用 Google Sheet、官方門市詳細頁或人工確認後填入。,https://www.watsons.com.tw/openchat
